player;club;position;minutes;cluster
Declan Rice;Arsenal;MF;2,825;0
Gabriel Magalhães;Arsenal;DF;2,363;0
Jurriën Timber;Arsenal;DF;2,417;0
Thomas Partey;Arsenal;MF,DF;2,797;0
William Saliba;Arsenal;DF;3,039;0
Amadou Onana;Aston Villa;MF;1,617;0
Boubacar Kamara;Aston Villa;MF;1,726;0
Ezri Konsa;Aston Villa;DF;2,936;0
Ian Maatsen;Aston Villa;DF;1,139;0
Jacob Ramsey;Aston Villa;FW,MF;1,623;0
John McGinn;Aston Villa;MF,FW;2,223;0
Lucas Digne;Aston Villa;DF;2,351;0
Matty Cash;Aston Villa;DF;2,070;0
Pau Torres;Aston Villa;DF;2,020;0
Youri Tielemans;Aston Villa;MF;3,026;0
Dean Huijsen;Bournemouth;DF;2,427;0
Illia Zabarnyi;Bournemouth;DF;3,109;0
Lewis Cook;Bournemouth;MF,DF;2,978;0
Milos Kerkez;Bournemouth;DF;3,336;0
Ryan Christie;Bournemouth;MF;2,117;0
Tyler Adams;Bournemouth;MF;1,965;0
Christian Nørgaard;Brentford;MF;2,819;0
Ethan Pinnock;Brentford;DF;1,913;0
Keane Lewis-Potter;Brentford;DF,FW;3,093;0
Mikkel Damsgaard;Brentford;MF,FW;2,911;0
Nathan Collins;Brentford;DF;3,420;0
Sepp van den Berg;Brentford;DF;2,586;0
Vitaly Janelt;Brentford;MF;2,254;0
Carlos Baleba;Brighton;MF;2,661;0
Jack Hinshelwood;Brighton;MF,DF;1,842;0
Jan Paul van Hecke;Brighton;DF;2,958;0
Joël Veltman;Brighton;DF;1,697;0
Lewis Dunk;Brighton;DF;2,083;0
Mats Wieffer;Brighton;DF,MF;1,015;0
Pervis Estupiñán;Brighton;DF;2,402;0
Yasin Ayari;Brighton;MF;1,965;0
Jadon Sancho;Chelsea;FW;1,764;0
Levi Colwill;Chelsea;DF;3,149;0
Malo Gusto;Chelsea;DF;1,862;0
Marc Cucurella;Chelsea;DF;2,988;0
Moisés Caicedo;Chelsea;MF,DF;3,351;0
Tosin Adarabioyo;Chelsea;DF;1,409;0
Adam Wharton;Crystal Palace;MF;1,318;0
Daichi Kamada;Crystal Palace;MF;1,564;0
Daniel Muñoz;Crystal Palace;DF;3,228;0
Jefferson Lerma;Crystal Palace;MF,DF;2,274;0
Marc Guéhi;Crystal Palace;DF;3,059;0
Maxence Lacroix;Crystal Palace;DF;3,116;0
Tyrick Mitchell;Crystal Palace;DF;3,092;0
Will Hughes;Crystal Palace;MF;2,108;0
Abdoulaye Doucouré;Everton;MF;2,564;0
Ashley Young;Everton;DF;1,875;0
Idrissa Gana Gueye;Everton;MF;3,063;0
Jack Harrison;Everton;FW;2,076;0
James Garner;Everton;MF,DF;1,594;0
James Tarkowski;Everton;DF;2,922;0
Jarrad Branthwaite;Everton;DF;2,511;0
Vitaliy Mykolenko;Everton;DF;3,082;0
Andreas Pereira;Fulham;MF;2,013;0
Antonee Robinson;Fulham;DF;3,167;0
Calvin Bassey;Fulham;DF;3,074;0
Emile Smith Rowe;Fulham;MF;2,043;0
Joachim Andersen;Fulham;DF;2,583;0
Kenny Tete;Fulham;DF;1,774;0
Sander Berge;Fulham;MF;2,224;0
Saša Lukić;Fulham;MF;2,344;0
Timothy Castagne;Fulham;DF;1,649;0
Dara O'Shea;Ipswich Town;DF;3,122;0
Jack Clarke;Ipswich Town;FW,MF;1,181;0
Jacob Greaves;Ipswich Town;DF;2,205;0
Jens Cajuste;Ipswich Town;MF;1,959;0
Leif Davis;Ipswich Town;DF;2,743;0
Omari Hutchinson;Ipswich Town;MF,FW;2,583;0
Sam Morsy;Ipswich Town;MF;2,751;0
Bilal El Khannouss;Leicester City;MF,FW;2,182;0
Boubakary Soumaré;Leicester City;MF;2,171;0
Harry Winks;Leicester City;MF;1,538;0
James Justin;Leicester City;DF;2,912;0
Stephy Mavididi;Leicester City;FW;1,615;0
Victor Bernth Kristiansen;Leicester City;DF;2,482;0
Wilfred Ndidi;Leicester City;MF;2,324;0
Wout Faes;Leicester City;DF;2,815;0
Alexis Mac Allister;Liverpool;MF;2,599;0
Andrew Robertson;Liverpool;DF;2,482;0
Curtis Jones;Liverpool;MF,DF;1,712;0
Ibrahima Konaté;Liverpool;DF;2,560;0
Ryan Gravenberch;Liverpool;MF;3,160;0
Trent Alexander-Arnold;Liverpool;DF;2,365;0
Virgil van Dijk;Liverpool;DF;3,330;0
Bernardo Silva;Manchester City;MF,FW;2,670;0
Joško Gvardiol;Manchester City;DF;3,277;0
Manuel Akanji;Manchester City;DF;2,014;0
Mateo Kovačić;Manchester City;MF;2,198;0
Matheus Nunes;Manchester City;DF,MF;1,674;0
Rico Lewis;Manchester City;DF,MF;1,893;0
Rúben Dias;Manchester City;DF;2,271;0
İlkay Gündoğan;Manchester City;MF;2,223;0
Casemiro;Manchester Utd;MF;1,494;0
Christian Eriksen;Manchester Utd;MF;1,061;0
Diogo Dalot;Manchester Utd;DF;2,814;0
Harry Maguire;Manchester Utd;DF;1,758;0
Kobbie Mainoo;Manchester Utd;MF;1,651;0
Lisandro Martínez;Manchester Utd;DF;1,751;0
Manuel Ugarte;Manchester Utd;MF;1,785;0
Matthijs de Ligt;Manchester Utd;DF;2,123;0
Noussair Mazraoui;Manchester Utd;DF;2,838;0
Bruno Guimarães;Newcastle Utd;MF;3,271;0
Dan Burn;Newcastle Utd;DF;3,330;0
Fabian Schär;Newcastle Utd;DF;2,934;0
Joelinton;Newcastle Utd;MF,FW;2,393;0
Kieran Trippier;Newcastle Utd;DF;1,309;0
Lewis Hall;Newcastle Utd;DF;2,189;0
Sandro Tonali;Newcastle Utd;MF;2,630;0
Valentino Livramento;Newcastle Utd;DF;2,840;0
Callum Hudson-Odoi;Nott'ham Forest;FW,MF;2,194;0
Elliot Anderson;Nott'ham Forest;MF;2,728;0
Murillo;Nott'ham Forest;DF;3,188;0
Neco Williams;Nott'ham Forest;DF;2,594;0
Nicolás Domínguez;Nott'ham Forest;MF,FW;1,963;0
Nikola Milenković;Nott'ham Forest;DF;3,330;0
Ola Aina;Nott'ham Forest;DF;2,995;0
Ryan Yates;Nott'ham Forest;MF;1,915;0
Flynn Downes;Southampton;MF;2,151;0
Jan Bednarek;Southampton;DF;2,531;0
Joe Aribo;Southampton;MF,DF;2,013;0
Kyle Walker-Peters;Southampton;DF;2,918;0
Lesley Ugochukwu;Southampton;MF;1,655;0
Mateus Fernandes;Southampton;MF;2,909;0
Ryan Manning;Southampton;DF,MF;1,462;0
Taylor Harwood-Bellis;Southampton;DF;2,825;0
Tyler Dibling;Southampton;FW,MF;1,874;0
Yukinari Sugawara;Southampton;DF,MF;1,557;0
Cristian Romero;Tottenham;DF;1,416;0
Destiny Udogie;Tottenham;DF;1,924;0
Djed Spence;Tottenham;DF;1,792;0
Lucas Bergvall;Tottenham;MF;1,212;0
Pape Matar Sarr;Tottenham;MF;1,913;0
Pedro Porro;Tottenham;DF;2,610;0
Rodrigo Bentancur;Tottenham;MF;1,645;0
Yves Bissouma;Tottenham;MF;1,408;0
Aaron Wan-Bissaka;West Ham;DF;3,154;0
Edson Álvarez;West Ham;MF;1,772;0
Emerson Palmieri;West Ham;DF;2,113;0
Jean-Clair Todibo;West Ham;DF;1,825;0
Konstantinos Mavropanos;West Ham;DF;2,045;0
Lucas Paquetá;West Ham;MF,FW;2,380;0
Max Kilman;West Ham;DF;3,348;0
André;Wolves;MF;2,472;0
Jean-Ricner Bellegarde;Wolves;MF,FW;1,677;0
João Gomes;Wolves;MF;2,974;0
Mario Lemina;Wolves;MF,DF;1,364;0
Matt Doherty;Wolves;DF;2,109;0
Nélson Semedo;Wolves;DF;2,886;0
Rayan Aït-Nouri;Wolves;DF;3,109;0
Toti Gomes;Wolves;DF;2,614;0
Ben White;Arsenal;DF;1,198;1
David Raya;Arsenal;GK;3,420;1
Ethan Nwaneri;Arsenal;FW,MF;895;1
Gabriel Jesus;Arsenal;FW;608;1
Jakub Kiwior;Arsenal;DF;1,122;1
Jorginho;Arsenal;MF;704;1
Kieran Tierney;Arsenal;DF,FW;259;1
Myles Lewis-Skelly;Arsenal;DF;1,369;1
Oleksandr Zinchenko;Arsenal;DF,MF;527;1
Raheem Sterling;Arsenal;FW,MF;499;1
Riccardo Calafiori;Arsenal;DF;983;1
Andrés García;Aston Villa;DF,MF;318;1
Axel Disasi;Aston Villa;DF;490;1
Diego Carlos;Aston Villa;DF;830;1
Donyell Malen;Aston Villa;FW;305;1
Emi Buendía;Aston Villa;MF,FW;98;1
Emiliano Martínez;Aston Villa;GK;3,194;1
Jaden Philogene Bidace;Aston Villa;FW,MF;332;1
Jáder Durán;Aston Villa;FW;638;1
Kosta Nedeljković;Aston Villa;DF;126;1
Lamare Bogarde;Aston Villa;DF,MF;476;1
Leon Bailey;Aston Villa;FW,MF;1,139;1
Marco Asensio;Aston Villa;MF;743;1
Marcus Rashford;Aston Villa;FW;444;1
Robin Olsen;Aston Villa;GK;226;1
Ross Barkley;Aston Villa;MF;581;1
Tyrone Mings;Aston Villa;DF;1,120;1
Adam Smith;Bournemouth;DF;1,590;1
Alex Scott;Bournemouth;MF;755;1
Daniel Jebbison;Bournemouth;FW;119;1
David Brooks;Bournemouth;FW,MF;960;1
Enes Ünal;Bournemouth;FW,MF;345;1
James Hill;Bournemouth;DF;448;1
Julian Araujo;Bournemouth;DF;497;1
Kepa Arrizabalaga;Bournemouth;GK;2,790;1
Luis Sinisterra;Bournemouth;FW,MF;236;1
Marcos Senesi;Bournemouth;DF;1,106;1
Mark Travers;Bournemouth;GK;450;1
Neto;Bournemouth;GK;180;1
Philip Billing;Bournemouth;MF;184;1
Ben Mee;Brentford;DF;183;1
Edmond-Paris Maghoma;Brentford;MF,FW;119;1
Fabio Carvalho;Brentford;FW,MF;455;1
Hákon Valdimarsson;Brentford;GK;145;1
Kristoffer Ajer;Brentford;DF;1,438;1
Mads Roerslev;Brentford;DF;1,101;1
Mark Flekken;Brentford;GK;3,275;1
Mathias Jensen;Brentford;MF;862;1
Michael Kayode;Brentford;DF;528;1
Rico Henry;Brentford;DF;99;1
Thiago;Brentford;FW,MF;175;1
Yehor Yarmoliuk;Brentford;MF;1,450;1
Adam Webster;Brighton;DF;887;1
Bart Verbruggen;Brighton;GK;3,240;1
Billy Gilmour;Brighton;MF;98;1
Brajan Gruda;Brighton;MF,FW;687;1
Diego Gómez;Brighton;MF;516;1
Evan Ferguson;Brighton;FW;246;1
Ferdi Kadioglu;Brighton;DF,MF;385;1
Igor;Brighton;DF;961;1
James Milner;Brighton;MF;170;1
Jason Steele;Brighton;GK;180;1
Julio Enciso;Brighton;MF,FW;294;1
Matt O'Riley;Brighton;MF;938;1
Simon Adingra;Brighton;FW,MF;1,097;1
Solly March;Brighton;FW,MF;168;1
Tariq Lamptey;Brighton;DF;860;1
Axel Disasi;Chelsea;DF;364;1
Benoît Badiashile;Chelsea;DF;334;1
Christopher Nkunku;Chelsea;FW;921;1
Filip Jørgensen;Chelsea;GK;540;1
Joshua Acheampong;Chelsea;DF;170;1
João Félix;Chelsea;FW,MF;369;1
Kiernan Dewsbury-Hall;Chelsea;MF,FW;264;1
Mykhailo Mudryk;Chelsea;FW;151;1
Reece James;Chelsea;DF,MF;1,063;1
Renato Veiga;Chelsea;DF,MF;181;1
Robert Sánchez;Chelsea;GK;2,880;1
Roméo Lavia;Chelsea;MF;797;1
Trevoh Chalobah;Chelsea;DF;910;1
Tyrique George;Chelsea;FW;183;1
Wesley Fofana;Chelsea;DF;1,172;1
Ben Chilwell;Crystal Palace;DF;259;1
Cheick Doucouré;Crystal Palace;MF;452;1
Chris Richards;Crystal Palace;DF;1,922;1
Dean Henderson;Crystal Palace;GK;3,420;1
Jeffrey Schlupp;Crystal Palace;MF,DF;103;1
Justin Devenny;Crystal Palace;MF;507;1
Nathaniel Clyne;Crystal Palace;DF,MF;483;1
Odsonne Édouard;Crystal Palace;MF,FW;115;1
Romain Esse;Crystal Palace;MF;138;1
Trevoh Chalobah;Crystal Palace;DF;1,060;1
Armando Broja;Everton;FW;334;1
Carlos Alcaraz;Everton;FW,MF;764;1
Jake O'Brien;Everton;DF;1,571;1
Jesper Lindstrøm;Everton;FW;1,239;1
Jordan Pickford;Everton;GK;3,420;1
Michael Keane;Everton;DF;1,049;1
Nathan Patterson;Everton;DF;347;1
Orel Mangala;Everton;MF;1,261;1
Séamus Coleman;Everton;DF;215;1
Tim Iroegbunam;Everton;MF;574;1
Bernd Leno;Fulham;GK;3,420;1
Harrison Reed;Fulham;MF;108;1
Issa Diop;Fulham;DF;1,339;1
Jorge Cuenca;Fulham;DF;351;1
Joshua King;Fulham;MF;130;1
Reiss Nelson;Fulham;FW;487;1
Rodrigo Muniz;Fulham;FW;964;1
Ryan Sessegnon;Fulham;FW,DF;580;1
Tom Cairney;Fulham;MF;628;1
Willian;Fulham;FW,MF;257;1
Alex Palmer;Ipswich Town;GK;1,170;1
Ali Al Hamadi;Ipswich Town;FW;134;1
Arijanet Muric;Ipswich Town;GK;1,620;1
Axel Tuanzebe;Ipswich Town;DF;1,710;1
Ben Godfrey;Ipswich Town;DF;159;1
Ben Johnson;Ipswich Town;DF,FW;1,354;1
Cameron Burgess;Ipswich Town;DF;1,541;1
Chiedozie Ogbene;Ipswich Town;FW;238;1
Christian Walton;Ipswich Town;GK;630;1
Conor Chaplin;Ipswich Town;MF,FW;857;1
Conor Townsend;Ipswich Town;DF;335;1
George Hirst;Ipswich Town;FW;661;1
Harry Clarke;Ipswich Town;DF;379;1
Jack Taylor;Ipswich Town;MF;860;1
Jaden Philogene Bidace;Ipswich Town;FW,DF;474;1
Julio Enciso;Ipswich Town;MF,FW;869;1
Kalvin Phillips;Ipswich Town;MF;1,237;1
Luke Woolfenden;Ipswich Town;DF;1,187;1
Massimo Luongo;Ipswich Town;MF;201;1
Nathan Broadhead;Ipswich Town;MF,FW;702;1
Sammie Szmodics;Ipswich Town;FW,MF;992;1
Wes Burns;Ipswich Town;FW,DF;926;1
Abdul Fatawu Issahaku;Leicester City;FW;579;1
Bobby De Cordova-Reid;Leicester City;FW;744;1
Caleb Okoli;Leicester City;DF;1,125;1
Conor Coady;Leicester City;DF;1,714;1
Danny Ward;Leicester City;GK;135;1
Hamza Choudhury;Leicester City;MF,DF;131;1
Jakub Stolarczyk;Leicester City;GK;900;1
Jannik Vestergaard;Leicester City;DF;1,391;1
Jeremy Monga;Leicester City;FW,MF;112;1
Jordan Ayew;Leicester City;FW,MF;1,638;1
Kasey McAteer;Leicester City;FW;852;1
Luke Thomas;Leicester City;DF;1,110;1
Mads Hermansen;Leicester City;GK;2,385;1
Oliver Skipp;Leicester City;MF;1,129;1
Patson Daka;Leicester City;FW,MF;736;1
Ricardo Pereira;Leicester City;DF;388;1
Woyo Coulibaly;Leicester City;DF;109;1
Alisson;Liverpool;GK;2,508;1
Caoimhín Kelleher;Liverpool;GK;900;1
Conor Bradley;Liverpool;DF;754;1
Federico Chiesa;Liverpool;FW;108;1
Harvey Elliott;Liverpool;MF;371;1
Jarell Quansah;Liverpool;DF;495;1
Joe Gomez;Liverpool;DF;519;1
Kostas Tsimikas;Liverpool;DF;837;1
Wataru Endo;Liverpool;MF,DF;273;1
Abdukodir Khusanov;Manchester City;DF;503;1
Ederson;Manchester City;GK;2,320;1
Jack Grealish;Manchester City;FW,MF;721;1
Jahmai Simpson-Pusey;Manchester City;DF;96;1
James Mcatee;Manchester City;MF,FW;349;1
John Stones;Manchester City;DF,MF;548;1
Kyle Walker;Manchester City;DF;970;1
Nathan Aké;Manchester City;DF;678;1
Nico O’Reilly;Manchester City;DF;528;1
Nicolás González;Manchester City;MF;760;1
Stefan Ortega;Manchester City;GK;1,100;1
Altay Bayındır;Manchester Utd;GK;360;1
André Onana;Manchester Utd;GK;3,060;1
Antony;Manchester Utd;DF,MF;141;1
Ayden Heaven;Manchester Utd;DF;170;1
Chidozie Obi-Martin;Manchester Utd;FW;165;1
Harry Amass;Manchester Utd;DF;346;1
Jonny Evans;Manchester Utd;DF;315;1
Joshua Zirkzee;Manchester Utd;FW,MF;1,402;1
Leny Yoro;Manchester Utd;DF;1,165;1
Luke Shaw;Manchester Utd;DF;349;1
Marcus Rashford;Manchester Utd;FW,MF;978;1
Mason Mount;Manchester Utd;MF;622;1
Patrick Dorgu;Manchester Utd;DF;842;1
Rasmus Højlund;Manchester Utd;FW;2,004;1
Toby Collyer;Manchester Utd;MF;179;1
Tyler Fredricson;Manchester Utd;DF;165;1
Tyrell Malacia;Manchester Utd;DF;100;1
Victor Lindelöf;Manchester Utd;DF;704;1
Callum Wilson;Newcastle Utd;FW;370;1
Emil Krafth;Newcastle Utd;DF;342;1
Joe Willock;Newcastle Utd;MF,FW;1,086;1
Lewis Miley;Newcastle Utd;MF;313;1
Lloyd Kelly;Newcastle Utd;DF;303;1
Martin Dúbravka;Newcastle Utd;GK;900;1
Miguel Almirón;Newcastle Utd;FW;157;1
Nick Pope;Newcastle Utd;GK;2,520;1
Sean Longstaff;Newcastle Utd;MF;798;1
Sven Botman;Newcastle Utd;DF;412;1
William Osula;Newcastle Utd;FW;134;1
Danilo;Nott'ham Forest;MF,FW;275;1
Harry Toffolo;Nott'ham Forest;DF;137;1
Ibrahim Sangaré;Nott'ham Forest;MF;590;1
James Ward-Prowse;Nott'ham Forest;MF;400;1
Jota Silva;Nott'ham Forest;FW,MF;854;1
Matz Sels;Nott'ham Forest;GK;3,420;1
Morato;Nott'ham Forest;DF;907;1
Ramón Sosa;Nott'ham Forest;FW,MF;295;1
Taiwo Awoniyi;Nott'ham Forest;FW;416;1
Willy Boly;Nott'ham Forest;DF;150;1
Álex Moreno;Nott'ham Forest;DF,MF;955;1
Aaron Ramsdale;Southampton;GK;2,700;1
Adam Armstrong;Southampton;FW,MF;1,248;1
Adam Lallana;Southampton;MF;361;1
Albert Grønbaek;Southampton;FW,MF;143;1
Alex McCarthy;Southampton;GK;450;1
Armel Bella Kotchap;Southampton;DF;331;1
Ben Brereton;Southampton;FW;449;1
Cameron Archer;Southampton;FW;1,441;1
Charlie Taylor;Southampton;DF;356;1
Jack Stephens;Southampton;DF;1,389;1
James Bree;Southampton;DF;1,075;1
Jay Robinson;Southampton;MF,FW;137;1
Joe Lumley;Southampton;GK;270;1
Kamaldeen Sulemana;Southampton;FW,MF;1,402;1
Nathan Wood-Gordon;Southampton;DF;773;1
Paul Onuachu;Southampton;FW;1,050;1
Ross Stewart;Southampton;FW;389;1
Ryan Fraser;Southampton;FW,DF;306;1
Welington;Southampton;DF;482;1
William Smallbone;Southampton;MF;690;1
Antonín Kinský;Tottenham;GK;540;1
Archie Gray;Tottenham;DF,MF;1,751;1
Ben Davies;Tottenham;DF;1,331;1
Fraser Forster;Tottenham;GK;630;1
Guglielmo Vicario;Tottenham;GK;2,160;1
Kevin Danso;Tottenham;DF;842;1
Mathys Tel;Tottenham;FW;911;1
Micky van de Ven;Tottenham;DF;1,015;1
Mikey Moore;Tottenham;FW;366;1
Radu Drăgușin;Tottenham;DF;1,252;1
Richarlison;Tottenham;FW;504;1
Sergio Reguilón;Tottenham;DF;196;1
Timo Werner;Tottenham;FW,MF;516;1
Wilson Odobert;Tottenham;FW,MF;850;1
Aaron Cresswell;West Ham;DF;824;1
Alphonse Areola;West Ham;GK;2,260;1
Andy Irving;West Ham;MF;166;1
Carlos Soler;West Ham;MF,FW;1,409;1
Crysencio Summerville;West Ham;FW,MF;786;1
Danny Ings;West Ham;FW,MF;284;1
Evan Ferguson;West Ham;FW;156;1
Guido Rodríguez;West Ham;MF;1,149;1
James Ward-Prowse;West Ham;MF;1,039;1
Luis Guilherme;West Ham;MF,FW;150;1
Michail Antonio;West Ham;FW;836;1
Niclas Füllkrug;West Ham;FW;790;1
Oliver Scarles;West Ham;DF,FW;665;1
Vladimír Coufal;West Ham;DF;1,067;1
Łukasz Fabiański;West Ham;GK;1,160;1
Carlos Forbs;Wolves;MF,FW;239;1
Craig Dawson;Wolves;DF;971;1
Daniel Bentley;Wolves;GK;180;1
Emmanuel Agbadou;Wolves;DF;1,410;1
Gonçalo Guedes;Wolves;MF,FW;995;1
Hwang Hee-chan;Wolves;MF,FW;661;1
José Sá;Wolves;GK;2,609;1
Marshall Munetsi;Wolves;MF,FW;1,078;1
Pablo Sarabia;Wolves;MF,FW;814;1
Rodrigo Gomes;Wolves;DF,FW;810;1
Sam Johnstone;Wolves;GK;630;1
Santiago Bueno;Wolves;DF;1,687;1
Tommy Doyle;Wolves;MF;488;1
Yerson Mosquera;Wolves;DF;441;1
Bukayo Saka;Arsenal;FW,MF;1,729;2
Gabriel Martinelli;Arsenal;FW,MF;2,290;2
Kai Havertz;Arsenal;FW,MF;1,875;2
Leandro Trossard;Arsenal;FW;2,546;2
Martin Ødegaard;Arsenal;MF;2,325;2
Mikel Merino;Arsenal;MF,FW;1,586;2
Morgan Rogers;Aston Villa;FW,MF;3,114;2
Ollie Watkins;Aston Villa;FW;2,598;2
Antoine Semenyo;Bournemouth;FW;3,203;2
Dango Ouattara;Bournemouth;FW;2,005;2
Evanilson;Bournemouth;FW;2,319;2
Justin Kluivert;Bournemouth;MF;2,340;2
Marcus Tavernier;Bournemouth;FW,MF;1,939;2
Bryan Mbeumo;Brentford;FW;3,414;2
Kevin Schade;Brentford;FW;2,293;2
Yoane Wissa;Brentford;FW;2,919;2
Danny Welbeck;Brighton;FW;2,115;2
Georginio Rutter;Brighton;MF,FW;1,656;2
João Pedro;Brighton;FW,MF;1,948;2
Kaoru Mitoma;Brighton;FW,MF;2,603;2
Yankuba Minteh;Brighton;FW,MF;1,838;2
Cole Palmer;Chelsea;MF,FW;3,191;2
Enzo Fernández;Chelsea;MF;2,947;2
Nicolas Jackson;Chelsea;FW;2,220;2
Noni Madueke;Chelsea;FW;2,033;2
Pedro Neto;Chelsea;FW;2,269;2
Eberechi Eze;Crystal Palace;MF,FW;2,588;2
Eddie Nketiah;Crystal Palace;FW,MF;1,034;2
Ismaila Sarr;Crystal Palace;MF;2,711;2
Jean-Philippe Mateta;Crystal Palace;FW;2,648;2
Beto;Everton;FW;1,534;2
Dominic Calvert-Lewin;Everton;FW;1,609;2
Dwight McNeil;Everton;MF,FW;1,371;2
Iliman Ndiaye;Everton;FW;2,430;2
Adama Traoré;Fulham;FW,MF;1,772;2
Alex Iwobi;Fulham;FW,MF;2,981;2
Harry Wilson;Fulham;FW,MF;1,162;2
Raúl Jiménez;Fulham;FW;2,494;2
Liam Delap;Ipswich Town;FW;2,593;2
Facundo Buonanotte;Leicester City;FW,MF;1,523;2
Jamie Vardy;Leicester City;FW;2,823;2
Cody Gakpo;Liverpool;FW;1,935;2
Darwin Núñez;Liverpool;FW;1,133;2
Diogo Jota;Liverpool;FW;1,196;2
Dominik Szoboszlai;Liverpool;MF;2,491;2
Luis Díaz;Liverpool;FW;2,399;2
Mohamed Salah;Liverpool;FW;3,371;2
Erling Haaland;Manchester City;FW;2,736;2
Jeremy Doku;Manchester City;FW,MF;1,516;2
Kevin De Bruyne;Manchester City;MF,FW;1,702;2
Omar Marmoush;Manchester City;FW,MF;1,175;2
Phil Foden;Manchester City;MF,FW;1,777;2
Sávio;Manchester City;FW,MF;1,766;2
Alejandro Garnacho;Manchester Utd;MF,FW;2,199;2
Amad Diallo;Manchester Utd;MF,FW;1,901;2
Bruno Fernandes;Manchester Utd;MF;3,018;2
Alexander Isak;Newcastle Utd;FW;2,756;2
Anthony Gordon;Newcastle Utd;FW,MF;2,434;2
Harvey Barnes;Newcastle Utd;FW;1,755;2
Jacob Murphy;Newcastle Utd;FW;2,360;2
Anthony Elanga;Nott'ham Forest;FW,MF;2,501;2
Chris Wood;Nott'ham Forest;FW;2,959;2
Morgan Gibbs-White;Nott'ham Forest;MF;2,803;2
Brennan Johnson;Tottenham;FW;2,177;2
Dejan Kulusevski;Tottenham;MF,FW;2,389;2
Dominic Solanke;Tottenham;FW;2,201;2
James Maddison;Tottenham;MF;1,809;2
Son Heung-min;Tottenham;FW;2,110;2
Jarrod Bowen;West Ham;FW,MF;2,973;2
Mohammed Kudus;West Ham;FW,MF;2,590;2
Tomáš Souček;West Ham;MF;2,567;2
Jørgen Strand Larsen;Wolves;FW;2,587;2
Matheus Cunha;Wolves;MF,FW;2,597;2
