player;club;position;minutes;age;goals;assists;xg;xg_assist;npxg;defense__tackles;defense__interceptions;passing__passes;passing__passes_completed;passing__progressive_passes;possession__carries;possession__progressive_carries;goals_p90;assists_p90;xg_p90;xg_assist_p90;npxg_p90;cluster
Joshua Acheampong;Chelsea;DF;170;18;0;0;2;0;2;2;1;124;104;8;106;0;0,0;0,0;1,059;0,0;1,059;1
Tyler Adams;Bournemouth;MF;1,965;25;0;3;16;10;16;83;32;1069;902;76;663;14;0,0;137,405;732,824;458,015;732,824;0
Tosin Adarabioyo;Chelsea;DF;1,409;26;1;1;9;2;9;17;11;1184;1079;42;777;5;63,875;63,875;574,876;127,75;574,876;0
Simon Adingra;Brighton;FW,MF;1,097;22;2;2;25;25;25;23;8;382;290;18;366;50;164,084;164,084;2051,048;2051,048;2051,048;1
Emmanuel Agbadou;Wolves;DF;1,410;27;1;0;8;2;8;30;12;1001;855;31;758;6;63,83;0,0;510,638;127,66;510,638;1
Ola Aina;Nott'ham Forest;DF;2,995;27;2;1;6;14;6;55;33;1352;994;107;749;67;60,1;30,05;180,301;420,701;180,301;0
Rayan Aït-Nouri;Wolves;DF;3,109;23;4;7;27;55;27;89;26;1721;1449;108;1129;89;115,793;202,638;781,602;1592,152;781,602;0
Kristoffer Ajer;Brentford;DF;1,438;26;0;0;10;12;10;26;12;644;504;56;387;27;0,0;0,0;625,869;751,043;625,869;1
Manuel Akanji;Manchester City;DF;2,014;29;0;0;16;4;16;19;9;1744;1632;158;1254;46;0,0;0,0;714,995;178,749;714,995;0
Nathan Aké;Manchester City;DF;678;29;0;0;2;0;2;9;3;542;509;50;403;12;0,0;0,0;0,265;0,0;0,265;1
Carlos Alcaraz;Everton;FW,MF;764;21;2;3;17;16;17;11;5;278;224;42;211;19;0,236;0,353;2,003;1,885;2,003;1
Trent Alexander-Arnold;Liverpool;DF;2,365;25;3;6;19;73;19;72;31;1971;1448;232;1184;51;114,165;228,33;723,044;2778,013;723,044;0
Alisson;Liverpool;GK;2,508;31;0;0;0;6;0;1;0;959;794;1;658;0;0,0;0,0;0,0;215,311;0,0;1
Miguel Almirón;Newcastle Utd;FW;157;30;0;0;5;3;5;3;0;66;54;6;54;3;0,0;0,0;2,866;1,72;2,866;1
Edson Álvarez;West Ham;MF;1,772;26;0;1;4;8;4;50;18;1003;861;85;687;24;0,0;50,79;203,16;406,321;203,16;0
Harry Amass;Manchester Utd;DF;346;17;0;0;1;0;1;6;2;181;149;7;132;9;0,0;0,0;0,26;0,0;0,26;1
Joachim Andersen;Fulham;DF;2,583;28;0;0;10;5;10;27;34;2000;1654;112;1350;16;0,0;0,0;348,432;174,216;348,432;0
Elliot Anderson;Nott'ham Forest;MF;2,728;21;2;6;21;33;21;92;31;1386;1085;143;932;52;65,982;197,947;692,815;1088,71;692,815;0
André;Wolves;MF;2,472;23;0;0;4;8;4;91;37;1342;1247;109;912;10;0,0;0,0;145,631;291,262;145,631;0
Michail Antonio;West Ham;FW;836;34;1;1;22;16;22;2;0;188;114;18;173;29;0,108;0,108;2,368;1,722;2,368;1
Antony;Manchester Utd;DF,MF;141;24;0;0;10;1;10;6;2;69;56;6;60;5;0,0;0,0;6,383;0,638;6,383;1
Julian Araujo;Bournemouth;DF;497;22;0;0;0;1;0;10;6;225;178;14;126;4;0,0;0,0;0,0;0,181;0,0;1
Cameron Archer;Southampton;FW;1,441;23;2;0;57;5;49;13;2;251;205;14;226;22;124,913;0,0;3560,028;312,283;3060,375;1
Alphonse Areola;West Ham;GK;2,260;31;0;0;0;0;0;2;0;989;688;1;601;0;0,0;0,0;0,0;0,0;0,0;1
Joe Aribo;Southampton;MF,DF;2,013;28;3;0;27;16;27;47;20;1046;929;75;745;36;134,128;0,0;1207,154;715,35;1207,154;0
Adam Armstrong;Southampton;FW,MF;1,248;27;2;2;33;12;23;12;3;288;231;21;235;25;144,231;144,231;2379,808;865,385;1658,654;1
Kepa Arrizabalaga;Bournemouth;GK;2,790;29;0;0;1;0;1;1;0;1027;752;2;621;0;0,0;0,0;32,258;0,0;32,258;1
Marco Asensio;Aston Villa;MF;743;28;3;1;44;10;29;7;2;313;242;45;242;22;0,363;0,121;5,33;1,211;3,513;1
Taiwo Awoniyi;Nott'ham Forest;FW;416;26;1;0;21;1;21;6;0;96;61;7;90;6;0,216;0,0;4,543;0,216;4,543;1
Yasin Ayari;Brighton;MF;1,965;20;2;1;24;23;24;59;20;973;793;75;655;30;91,603;45,802;1099,237;1053,435;1099,237;0
Jordan Ayew;Leicester City;FW,MF;1,638;32;5;0;32;11;24;27;12;540;401;46;479;49;274,725;0,0;1758,242;604,396;1318,681;1
Benoît Badiashile;Chelsea;DF;334;23;0;0;0;0;0;9;6;304;273;17;177;3;0,0;0,0;0,0;0,0;0,0;1
Leon Bailey;Aston Villa;FW,MF;1,139;26;1;2;17;15;17;7;3;390;277;35;348;58;79,017;158,033;1343,284;1185,25;1343,284;1
Carlos Baleba;Brighton;MF;2,661;20;3;1;31;13;31;79;46;1314;1149;118;971;43;101,466;33,822;1048,478;439,684;1048,478;0
Ross Barkley;Aston Villa;MF;581;30;3;1;18;6;18;14;10;395;337;36;277;15;0,465;0,155;2,788;0,929;2,788;1
Harvey Barnes;Newcastle Utd;FW;1,755;26;9;4;72;40;72;16;6;607;474;83;561;93;461,538;205,128;3692,308;2051,282;3692,308;2
Calvin Bassey;Fulham;DF;3,074;24;1;0;10;1;10;54;20;2155;1934;116;1571;39;29,278;0,0;292,778;29,278;292,778;0
Altay Bayındır;Manchester Utd;GK;360;26;0;0;0;0;0;0;0;152;92;0;110;0;0,0;0,0;0,0;0,0;0,0;1
Jan Bednarek;Southampton;DF;2,531;28;2;0;7;5;7;36;56;1687;1564;60;1046;5;71,118;0,0;248,913;177,795;248,913;0
Armel Bella Kotchap;Southampton;DF;331;22;0;0;3;0;3;7;5;224;202;5;186;0;0,0;0,0;0,816;0,0;0,816;1
Jean-Ricner Bellegarde;Wolves;MF,FW;1,677;26;2;7;15;38;15;39;10;599;475;43;528;52;107,335;375,671;805,009;2039,356;805,009;0
Rodrigo Bentancur;Tottenham;MF;1,645;27;2;0;13;4;13;40;40;1076;946;100;764;28;109,422;0,0;711,246;218,845;711,246;0
Daniel Bentley;Wolves;GK;180;31;0;0;0;0;0;0;0;65;49;0;39;0;0,0;0,0;0,0;0,0;0,0;1
Sander Berge;Fulham;MF;2,224;26;0;0;4;6;4;50;21;1193;1091;124;804;29;0,0;0,0;161,871;242,806;161,871;0
Lucas Bergvall;Tottenham;MF;1,212;18;0;1;7;6;7;39;24;720;629;49;531;33;0,0;74,257;519,802;445,545;519,802;0
Victor Bernth Kristiansen;Leicester City;DF;2,482;21;0;1;3;14;3;87;42;1321;1023;70;816;40;0,0;36,261;108,783;507,655;108,783;0
Beto;Everton;FW;1,534;26;8;0;82;12;82;14;4;268;156;16;267;15;469,361;0,0;4810,952;704,042;4810,952;2
Philip Billing;Bournemouth;MF;184;28;0;0;6;11;6;14;5;102;70;15;58;3;0,0;0,0;2,935;5,38;2,935;1
Yves Bissouma;Tottenham;MF;1,408;27;2;0;6;3;6;49;18;852;755;75;610;15;127,841;0,0;383,523;191,761;383,523;0
Lamare Bogarde;Aston Villa;DF,MF;476;20;0;0;0;1;0;14;1;272;240;14;173;12;0,0;0,0;0,0;0,189;0,0;1
Willy Boly;Nott'ham Forest;DF;150;33;0;0;1;0;1;6;3;70;55;2;35;0;0,0;0,0;0,6;0,0;0,6;1
Sven Botman;Newcastle Utd;DF;412;24;0;0;5;5;5;12;5;246;220;7;145;0;0,0;0,0;1,092;1,092;1,092;1
Jarrod Bowen;West Ham;FW,MF;2,973;27;13;8;86;68;78;41;16;815;584;91;741;109;393,542;242,18;2603,431;2058,527;2361,251;2
Conor Bradley;Liverpool;DF;754;21;0;2;7;14;7;14;4;544;456;33;369;35;0,0;0,239;0,836;1,671;0,836;1
Jarrad Branthwaite;Everton;DF;2,511;22;0;1;12;7;12;36;27;1198;984;66;747;10;0,0;35,842;430,108;250,896;430,108;0
James Bree;Southampton;DF;1,075;26;0;1;1;9;1;19;9;599;500;34;363;13;0,0;83,721;83,721;753,488;83,721;1
Ben Brereton;Southampton;FW;449;25;0;0;9;1;9;3;0;166;128;9;136;12;0,0;0,0;1,804;0,2;1,804;1
Nathan Broadhead;Ipswich Town;MF,FW;702;26;2;0;17;7;17;9;4;228;178;14;174;20;0,256;0,0;2,179;0,897;2,179;1
Armando Broja;Everton;FW;334;22;0;0;1;2;1;3;1;73;53;2;64;12;0,0;0,0;0,269;0,539;0,269;1
David Brooks;Bournemouth;FW,MF;960;27;2;0;25;19;25;14;5;411;310;35;342;35;0,188;0,0;2,344;1,781;2,344;1
Emi Buendía;Aston Villa;MF,FW;98;27;0;0;7;0;7;6;0;60;49;7;53;3;0,0;0,0;6,429;0,0;6,429;1
Santiago Bueno;Wolves;DF;1,687;25;0;0;4;0;4;41;15;842;741;28;555;1;0,0;0,0;213,397;0,0;213,397;1
Facundo Buonanotte;Leicester City;FW,MF;1,523;19;5;2;39;31;39;53;12;572;437;54;479;39;295,469;118,188;2304,662;1831,911;2304,662;2
Cameron Burgess;Ipswich Town;DF;1,541;28;0;2;11;5;11;17;14;774;626;42;430;2;0,0;116,807;642,44;292,018;642,44;1
Dan Burn;Newcastle Utd;DF;3,330;32;1;1;20;9;20;39;27;2006;1774;75;1346;12;27,027;27,027;540,541;243,243;540,541;0
Wes Burns;Ipswich Town;FW,DF;926;29;0;1;5;16;5;13;10;253;153;8;216;38;0,0;0,097;0,486;1,555;0,486;1
Moisés Caicedo;Chelsea;MF,DF;3,351;22;1;2;8;30;8;114;49;2194;1967;215;1409;43;26,858;53,715;214,861;805,73;214,861;0
Tom Cairney;Fulham;MF;628;33;2;0;8;11;8;13;4;627;569;53;456;18;0,287;0,0;1,146;1,576;1,146;1
Jens Cajuste;Ipswich Town;MF;1,959;24;1;1;7;8;7;44;28;783;647;59;481;26;45,942;45,942;321,593;367,534;321,593;0
Riccardo Calafiori;Arsenal;DF;983;22;2;1;9;3;9;27;9;549;470;54;308;22;0,183;0,092;0,824;0,275;0,824;1
Dominic Calvert-Lewin;Everton;FW;1,609;27;3;1;67;6;67;9;7;289;181;20;280;23;167,806;55,935;3747,669;335,612;3747,669;2
Diego Carlos;Aston Villa;DF;830;31;0;0;6;0;6;8;5;603;534;34;419;3;0,0;0,0;0,651;0,0;0,651;1
Fabio Carvalho;Brentford;FW,MF;455;21;2;1;25;7;25;13;3;178;126;17;137;9;0,396;0,198;4,945;1,385;4,945;1
Casemiro;Manchester Utd;MF;1,494;32;1;0;19;23;19;83;14;990;780;84;660;4;60,241;0,0;1144,578;1385,542;1144,578;0
Matty Cash;Aston Villa;DF;2,070;26;1;1;5;11;5;56;23;945;732;42;595;48;43,478;43,478;217,391;478,261;217,391;0
Timothy Castagne;Fulham;DF;1,649;28;0;1;4;12;4;46;22;953;780;62;547;17;0,0;54,579;218,314;654,942;218,314;0
Trevoh Chalobah;Crystal Palace;DF;1,060;25;3;0;12;4;12;20;19;442;349;34;278;11;254,717;0,0;1018,868;339,623;1018,868;1
Trevoh Chalobah;Chelsea;DF;910;25;0;1;8;12;8;11;10;677;609;37;426;4;0,0;0,099;0,791;1,187;0,791;1
Conor Chaplin;Ipswich Town;MF,FW;857;27;1;1;15;7;15;15;4;319;235;29;179;13;0,105;0,105;1,575;0,735;1,575;1
Federico Chiesa;Liverpool;FW;108;26;0;0;3;2;3;1;0;31;27;3;31;3;0,0;0,0;2,5;1,667;2,5;1
Ben Chilwell;Crystal Palace;DF;259;27;1;0;2;8;2;7;6;125;92;8;68;5;0,347;0,0;0,695;2,78;0,695;1
Hamza Choudhury;Leicester City;MF,DF;131;26;0;0;0;4;0;1;5;84;72;3;63;4;0,0;0,0;0,0;2,748;0,0;1
Ryan Christie;Bournemouth;MF;2,117;29;2;3;18;35;18;54;30;1056;837;137;726;34;85,026;127,539;765,234;1487,955;765,234;0
Harry Clarke;Ipswich Town;DF;379;23;0;0;1;0;1;5;4;236;190;14;118;5;0,0;0,0;0,237;0,0;0,237;1
Jack Clarke;Ipswich Town;FW,MF;1,181;23;0;4;12;23;12;32;7;393;302;44;311;39;0,0;304,826;914,479;1752,752;914,479;0
Nathaniel Clyne;Crystal Palace;DF,MF;483;33;0;0;0;3;0;12;3;225;171;7;158;6;0,0;0,0;0,0;0,559;0,0;1
Conor Coady;Leicester City;DF;1,714;31;1;0;4;1;4;13;13;1072;977;32;789;3;52,509;0,0;210,035;52,509;210,035;1
Séamus Coleman;Everton;DF;215;35;0;0;6;0;6;3;1;98;74;11;54;1;0,0;0,0;2,512;0,0;2,512;1
Nathan Collins;Brentford;DF;3,420;23;2;3;25;18;25;40;34;1985;1705;127;1289;32;52,632;78,947;657,895;473,684;657,895;0
Toby Collyer;Manchester Utd;MF;179;20;0;0;2;3;2;12;2;92;76;5;68;0;0,0;0,0;1,006;1,508;1,006;1
Levi Colwill;Chelsea;DF;3,149;21;2;1;19;11;19;47;33;2619;2338;131;1621;14;57,161;28,581;543,03;314,386;543,03;0
Lewis Cook;Bournemouth;MF,DF;2,978;27;1;3;9;41;9;81;41;1585;1224;158;825;33;30,222;90,665;271,995;1239,087;271,995;0
Vladimír Coufal;West Ham;DF;1,067;31;0;0;3;7;3;22;8;598;470;39;298;26;0,0;0,0;253,046;590,44;253,046;1
Woyo Coulibaly;Leicester City;DF;109;25;0;0;0;0;0;6;5;57;48;3;48;4;0,0;0,0;0,0;0,0;0,0;1
Aaron Cresswell;West Ham;DF;824;34;0;0;2;13;2;11;8;610;504;36;291;6;0,0;0,0;0,218;1,42;0,218;1
Marc Cucurella;Chelsea;DF;2,988;26;5;1;28;21;28;67;28;1916;1680;118;944;35;150,602;30,12;843,373;632,53;843,373;0
Jorge Cuenca;Fulham;DF;351;24;0;0;0;0;0;6;2;173;145;10;89;0;0,0;0,0;0,0;0,0;0,0;1
Matheus Cunha;Wolves;MF,FW;2,597;25;15;6;86;77;86;38;17;1133;811;144;904;112;519,831;207,932;2980,362;2668,464;2980,362;2
Patson Daka;Leicester City;FW,MF;736;25;1;0;13;1;13;19;1;147;106;8;141;11;0,122;0,0;1,59;0,122;1,59;1
Diogo Dalot;Manchester Utd;DF;2,814;25;0;3;20;20;20;68;37;1673;1347;103;1126;62;0,0;95,949;639,659;639,659;639,659;0
Mikkel Damsgaard;Brentford;MF,FW;2,911;24;2;10;28;84;28;83;27;1529;1107;234;1076;73;61,834;309,172;865,682;2597,046;865,682;0
Danilo;Nott'ham Forest;MF,FW;275;23;0;0;0;0;0;8;4;121;94;11;54;2;0,0;0,0;0,0;0,0;0,0;1
Kevin Danso;Tottenham;DF;842;25;0;0;4;1;4;7;6;555;480;19;448;11;0,0;0,0;0,428;0,107;0,428;1
Ben Davies;Tottenham;DF;1,331;31;0;0;3;2;3;17;12;1023;896;52;664;14;0,0;0,0;202,855;135,237;202,855;1
Leif Davis;Ipswich Town;DF;2,743;24;1;2;10;49;10;46;25;1284;919;59;708;52;32,811;65,622;328,108;1607,729;328,108;0
Craig Dawson;Wolves;DF;971;34;0;0;5;0;5;15;9;559;484;20;390;6;0,0;0,0;0,463;0,0;0,463;1
Kevin De Bruyne;Manchester City;MF,FW;1,702;33;4;7;51;80;51;17;7;1196;908;157;812;51;211,516;370,153;2696,827;4230,317;2696,827;2
Bobby De Cordova-Reid;Leicester City;FW;744;31;1;2;8;12;8;9;0;206;145;15;174;14;0,121;0,242;0,968;1,452;0,968;1
Liam Delap;Ipswich Town;FW;2,593;21;12;2;93;19;78;11;2;357;219;30;445;61;416,506;69,418;3227,921;659,468;2707,289;2
Sepp van den Berg;Brentford;DF;2,586;22;0;0;20;8;20;39;21;1278;1092;79;737;12;0,0;0,0;696,056;278,422;696,056;0
Justin Devenny;Crystal Palace;MF;507;20;1;1;8;6;8;17;0;205;148;21;134;5;0,178;0,178;1,42;1,065;1,42;1
Kiernan Dewsbury-Hall;Chelsea;MF,FW;264;25;0;1;2;11;2;8;2;152;127;14;95;5;0,0;0,341;0,682;3,75;0,682;1
Amad Diallo;Manchester Utd;MF,FW;1,901;22;8;6;47;49;47;38;11;949;795;60;782;109;378,748;284,061;2225,145;2319,832;2225,145;2
Rúben Dias;Manchester City;DF;2,271;27;0;0;15;3;15;17;20;2317;2167;160;1775;43;0,0;0,0;594,452;118,89;594,452;0
Luis Díaz;Liverpool;FW;2,399;27;13;5;120;50;120;39;7;874;736;110;780;108;487,703;187,578;4501,876;1875,782;4501,876;2
Tyler Dibling;Southampton;FW,MF;1,874;18;2;0;25;15;25;34;8;620;504;64;558;69;96,051;0,0;1200,64;720,384;1200,64;0
Lucas Digne;Aston Villa;DF;2,351;31;0;4;8;47;8;65;25;1277;956;57;683;23;0,0;153,126;306,253;1799,234;306,253;0
Issa Diop;Fulham;DF;1,339;27;0;0;5;1;5;26;9;758;663;25;533;6;0,0;0,0;336,072;67,214;336,072;1
Axel Disasi;Aston Villa;DF;490;26;0;0;1;4;1;8;5;280;243;16;207;10;0,0;0,0;0,184;0,735;0,184;1
Axel Disasi;Chelsea;DF;364;26;1;0;3;1;3;7;2;293;266;16;196;6;0,247;0,0;0,742;0,247;0,742;1
Matt Doherty;Wolves;DF;2,109;32;2;1;10;15;10;38;22;1302;1078;79;825;29;85,349;42,674;426,743;640,114;426,743;0
Jeremy Doku;Manchester City;FW,MF;1,516;22;3;6;13;48;13;31;4;762;603;69;796;213;178,1;356,201;771,768;2849,604;771,768;2
Nicolás Domínguez;Nott'ham Forest;MF,FW;1,963;26;0;1;15;13;15;86;29;947;821;83;471;16;0,0;45,848;687,723;596,026;687,723;0
Patrick Dorgu;Manchester Utd;DF;842;19;0;0;4;7;4;31;4;494;400;34;354;41;0,0;0,0;0,428;0,748;0,428;1
Abdoulaye Doucouré;Everton;MF;2,564;31;3;2;41;24;41;48;10;903;725;82;604;42;105,304;70,203;1439,158;842,434;1439,158;0
Cheick Doucouré;Crystal Palace;MF;452;24;0;0;4;0;4;16;11;204;174;19;133;2;0,0;0,0;0,796;0,0;0,796;1
Flynn Downes;Southampton;MF;2,151;25;1;0;6;11;6;49;32;1109;1003;66;641;29;41,841;0,0;251,046;460,251;251,046;0
Tommy Doyle;Wolves;MF;488;22;0;1;6;5;6;11;5;392;321;40;260;6;0,0;0,184;1,107;0,922;1,107;1
Radu Drăgușin;Tottenham;DF;1,252;22;0;0;1;4;1;10;15;840;716;37;623;7;0,0;0,0;71,885;287,54;71,885;1
Martin Dúbravka;Newcastle Utd;GK;900;35;0;0;0;0;0;0;0;333;265;0;202;0;0,0;0,0;0,0;0,0;0,0;1
Lewis Dunk;Brighton;DF;2,083;32;0;0;8;5;8;17;13;1953;1778;142;1341;20;0,0;0,0;345,655;216,035;345,655;0
Jáder Durán;Aston Villa;FW;638;20;7;0;49;2;49;8;0;163;115;13;133;7;0,987;0,0;6,912;0,282;6,912;1
Ederson;Manchester City;GK;2,320;30;0;4;0;15;0;0;1;923;811;2;654;0;0,0;155,172;0,0;581,897;0,0;1
Odsonne Édouard;Crystal Palace;MF,FW;115;26;0;0;4;0;4;1;0;28;17;4;24;3;0,0;0,0;3,13;0,0;3,13;1
Anthony Elanga;Nott'ham Forest;FW,MF;2,501;22;6;11;45;57;45;19;6;827;540;63;600;102;215,914;395,842;1619,352;2051,18;1619,352;2
Harvey Elliott;Liverpool;MF;371;21;1;2;18;11;18;5;1;292;240;44;188;10;0,243;0,485;4,367;2,668;4,367;1
Julio Enciso;Ipswich Town;MF,FW;869;20;2;3;17;14;17;12;1;248;171;28;205;23;0,207;0,311;1,761;1,45;1,761;1
Julio Enciso;Brighton;MF,FW;294;20;0;0;10;2;10;0;0;150;99;14;114;11;0,0;0,0;3,061;0,612;3,061;1
Wataru Endo;Liverpool;MF,DF;273;31;0;0;0;1;0;12;6;194;182;19;110;1;0,0;0,0;0,0;0,33;0,0;1
Christian Eriksen;Manchester Utd;MF;1,061;32;1;2;14;32;6;19;7;749;590;55;473;13;84,826;169,651;1187,559;2714,42;508,954;0
Romain Esse;Crystal Palace;MF;138;19;1;1;3;4;3;9;1;42;32;7;38;1;0,652;0,652;1,957;2,609;1,957;1
Pervis Estupiñán;Brighton;DF;2,402;26;1;1;12;21;12;65;37;1610;1338;132;1023;59;37,469;37,469;449,625;786,844;449,625;0
Evanilson;Bournemouth;FW;2,319;24;10;1;125;19;117;16;1;342;244;28;333;29;388,098;38,81;4851,229;737,387;4540,75;2
Jonny Evans;Manchester Utd;DF;315;36;0;0;1;0;1;8;5;217;192;10;143;3;0,0;0,0;0,286;0,0;0,286;1
Eberechi Eze;Crystal Palace;MF,FW;2,588;26;8;8;105;62;89;39;11;1047;777;97;840;69;278,207;278,207;3651,468;2156,105;3095,054;2
Łukasz Fabiański;West Ham;GK;1,160;39;0;0;0;0;0;0;0;495;332;0;285;0;0,0;0,0;0,0;0,0;0,0;1
Wout Faes;Leicester City;DF;2,815;26;1;0;15;1;15;42;26;1564;1376;86;1107;12;31,972;0,0;479,574;31,972;479,574;0
Abdul Fatawu Issahaku;Leicester City;FW;579;20;0;2;4;16;4;21;4;197;123;17;217;42;0,0;0,311;0,622;2,487;0,622;1
João Félix;Chelsea;FW,MF;369;24;1;1;22;10;22;8;3;199;171;26;193;21;0,244;0,244;5,366;2,439;5,366;1
Evan Ferguson;West Ham;FW;156;19;0;0;6;3;6;3;1;37;28;1;31;1;0,0;0,0;3,462;1,731;3,462;1
Evan Ferguson;Brighton;FW;246;19;1;0;5;4;5;4;0;58;43;1;42;2;0,366;0,0;1,829;1,463;1,829;1
Bruno Fernandes;Manchester Utd;MF;3,018;29;8;10;99;85;76;84;26;2242;1707;325;1542;77;238,569;298,211;2952,286;2534,791;2266,402;2
Mateus Fernandes;Southampton;MF;2,909;20;2;4;40;30;40;89;28;1361;1087;145;897;76;61,877;123,754;1237,539;928,154;1237,539;0
Enzo Fernández;Chelsea;MF;2,947;23;6;7;61;68;61;65;13;1900;1518;212;1211;60;183,237;213,777;1862,911;2076,688;1862,911;2
Mark Flekken;Brentford;GK;3,275;31;0;2;0;5;0;4;0;1717;1254;0;1122;0;0,0;54,962;0,0;137,405;0,0;1
Phil Foden;Manchester City;MF,FW;1,777;24;7;2;52;48;52;13;9;941;791;103;722;50;354,53;101,294;2633,652;2431,064;2633,652;2
Wesley Fofana;Chelsea;DF;1,172;23;0;0;4;4;4;13;14;803;724;32;557;19;0,0;0,0;307,167;307,167;307,167;1
Carlos Forbs;Wolves;MF,FW;239;20;0;0;1;0;1;8;1;91;60;8;75;10;0,0;0,0;0,377;0,0;0,377;1
Fraser Forster;Tottenham;GK;630;36;0;0;0;0;0;0;0;198;168;0;113;0;0,0;0,0;0,0;0,0;0,0;1
Ryan Fraser;Southampton;FW,DF;306;30;0;0;0;1;0;6;1;103;77;8;74;10;0,0;0,0;0,0;0,294;0,0;1
Tyler Fredricson;Manchester Utd;DF;165;19;0;0;0;0;0;5;1;122;110;8;86;2;0,0;0,0;0,0;0,0;0,0;1
Niclas Füllkrug;West Ham;FW;790;31;3;2;22;19;22;4;1;198;133;14;123;7;0,342;0,228;2,506;2,165;2,506;1
Cody Gakpo;Liverpool;FW;1,935;25;10;4;71;44;71;28;12;634;480;52;605;59;465,116;186,047;3302,326;2046,512;3302,326;2
Idrissa Gana Gueye;Everton;MF;3,063;34;0;3;11;17;11;133;48;1422;1230;145;861;27;0,0;88,149;323,213;499,51;323,213;0
Andrés García;Aston Villa;DF,MF;318;21;0;0;0;2;0;9;2;201;174;15;159;26;0,0;0,0;0,0;0,566;0,0;1
Alejandro Garnacho;Manchester Utd;MF,FW;2,199;20;6;2;73;45;73;30;13;823;649;56;840;141;245,566;81,855;2987,722;1841,746;2987,722;2
James Garner;Everton;MF,DF;1,594;23;0;1;7;14;7;47;23;803;611;50;478;15;0,0;56,462;395,232;790,464;395,232;0
Tyrique George;Chelsea;FW;183;18;1;1;2;7;2;2;2;54;43;3;46;9;0,492;0,492;0,984;3,443;0,984;1
Morgan Gibbs-White;Nott'ham Forest;MF;2,803;24;7;8;63;50;63;43;23;1269;993;164;923;69;224,759;256,868;2022,833;1605,423;2022,833;2
Billy Gilmour;Brighton;MF;98;23;0;0;1;0;1;3;0;67;58;11;44;2;0,0;0,0;0,918;0,0;0,918;1
Ben Godfrey;Ipswich Town;DF;159;26;0;0;0;0;0;1;2;57;47;4;33;2;0,0;0,0;0,0;0,0;0,0;1
João Gomes;Wolves;MF;2,974;23;3;1;29;12;29;116;25;1623;1380;165;1059;59;90,787;30,262;877,606;363,147;877,606;0
Rodrigo Gomes;Wolves;DF,FW;810;21;2;0;7;9;7;23;7;309;212;27;217;23;0,222;0,0;0,778;1,0;0,778;1
Toti Gomes;Wolves;DF;2,614;25;0;1;7;9;7;61;25;1714;1473;86;1205;27;0,0;34,43;241,01;309,87;241,01;0
Diego Gómez;Brighton;MF;516;21;1;0;9;7;9;21;8;302;243;27;193;8;0,174;0,0;1,57;1,221;1,57;1
Joe Gomez;Liverpool;DF;519;27;0;0;3;1;3;13;7;425;377;35;303;5;0,0;0,0;0,52;0,173;0,52;1
Nicolás González;Manchester City;MF;760;22;1;0;5;1;5;16;8;625;575;50;425;9;0,118;0,0;0,592;0,118;0,592;1
Anthony Gordon;Newcastle Utd;FW,MF;2,434;23;6;5;80;50;65;32;7;982;720;98;818;121;221,857;184,881;2958,094;1848,809;2403,451;2
Ryan Gravenberch;Liverpool;MF;3,160;22;0;4;11;31;11;69;60;1927;1718;181;1396;70;0,0;113,924;313,291;882,911;313,291;0
Archie Gray;Tottenham;DF,MF;1,751;18;0;0;0;1;0;16;19;1145;1001;40;878;7;0,0;0,0;0,0;51,399;0,0;1
Jack Grealish;Manchester City;FW,MF;721;28;1;1;11;18;11;9;2;436;382;52;376;69;0,125;0,125;1,373;2,247;1,373;1
Jacob Greaves;Ipswich Town;DF;2,205;23;1;0;13;3;13;40;21;1121;962;69;619;11;40,816;0,0;530,612;122,449;530,612;0
Brajan Gruda;Brighton;MF,FW;687;20;1;4;12;21;12;16;2;251;187;26;202;22;0,131;0,524;1,572;2,751;1,572;1
Albert Grønbaek;Southampton;FW,MF;143;23;0;0;1;0;1;4;0;18;13;1;18;1;0,0;0,0;0,629;0,0;0,629;1
Gonçalo Guedes;Wolves;MF,FW;995;27;2;4;32;13;32;16;5;349;259;40;304;41;0,181;0,362;2,894;1,176;2,894;1
Marc Guéhi;Crystal Palace;DF;3,059;24;3;2;20;18;20;61;28;1765;1473;134;1142;22;88,264;58,843;588,428;529,585;588,428;0
Luis Guilherme;West Ham;MF,FW;150;18;0;0;4;1;4;1;3;67;58;5;51;4;0,0;0,0;2,4;0,6;2,4;1
Bruno Guimarães;Newcastle Utd;MF;3,271;26;5;6;43;61;43;83;29;1798;1481;271;1400;64;137,573;165,087;1183,124;1678,386;1183,124;0
İlkay Gündoğan;Manchester City;MF;2,223;33;1;6;32;35;32;25;13;1703;1525;127;1118;64;40,486;242,915;1295,547;1417,004;1295,547;0
Malo Gusto;Chelsea;DF;1,862;21;0;1;17;14;17;45;24;1385;1198;119;882;50;0,0;48,335;821,697;676,692;821,697;0
Joško Gvardiol;Manchester City;DF;3,277;22;5;0;46;21;43;58;44;2721;2454;264;1997;91;137,321;0,0;1263,351;576,747;1180,958;0
Erling Haaland;Manchester City;FW;2,736;24;22;3;220;30;188;11;5;381;255;20;310;24;723,684;98,684;7236,842;986,842;6184,211;2
Lewis Hall;Newcastle Utd;DF;2,189;19;0;4;4;43;4;58;18;1592;1300;123;950;41;0,0;164,459;164,459;1767,931;164,459;0
Ali Al Hamadi;Ipswich Town;FW;134;22;0;0;4;1;4;1;0;30;25;3;29;4;0,0;0,0;2,687;0,672;2,687;1
Jack Harrison;Everton;FW;2,076;27;1;0;35;37;35;32;10;659;414;51;524;73;43,353;0,0;1517,341;1604,046;1517,341;0
Taylor Harwood-Bellis;Southampton;DF;2,825;22;1;0;18;10;18;28;30;2164;1892;125;1433;29;31,858;0,0;573,451;318,584;573,451;0
Kai Havertz;Arsenal;FW,MF;1,875;25;9;3;95;24;95;16;6;519;407;61;418;35;432,0;144,0;4560,0;1152,0;4560,0;2
Ayden Heaven;Manchester Utd;DF;170;17;0;0;1;0;1;4;4;106;90;7;95;1;0,0;0,0;0,529;0,0;0,529;1
Jan Paul van Hecke;Brighton;DF;2,958;24;1;1;13;15;13;45;24;2286;2016;228;1715;55;30,426;30,426;395,538;456,389;395,538;0
Hwang Hee-chan;Wolves;MF,FW;661;28;2;0;8;1;8;6;2;204;166;12;159;15;0,272;0,0;1,089;0,136;1,089;1
Dean Henderson;Crystal Palace;GK;3,420;27;0;0;0;2;0;2;0;1216;745;0;751;0;0,0;0,0;0,0;52,632;0,0;1
Rico Henry;Brentford;DF;99;27;0;0;0;0;0;2;1;49;33;4;30;0;0,0;0,0;0,0;0,0;0,0;1
Mads Hermansen;Leicester City;GK;2,385;24;0;0;0;0;0;1;0;1073;654;1;734;0;0,0;0,0;0,0;0,0;0,0;1
Son Heung-min;Tottenham;FW;2,110;32;7;9;72;82;57;17;5;925;730;111;761;96;298,578;383,886;3071,09;3497,63;2431,28;2
James Hill;Bournemouth;DF;448;22;0;1;3;3;3;15;9;245;159;16;146;3;0,0;0,201;0,603;0,603;0,603;1
Jack Hinshelwood;Brighton;MF,DF;1,842;19;5;2;27;15;27;27;16;1046;870;68;590;19;244,3;97,72;1319,218;732,899;1319,218;0
George Hirst;Ipswich Town;FW;661;25;3;1;21;3;21;3;2;122;69;13;101;9;0,408;0,136;2,859;0,408;2,859;1
Callum Hudson-Odoi;Nott'ham Forest;FW,MF;2,194;23;5;2;25;27;25;22;13;843;691;71;641;130;205,105;82,042;1025,524;1107,566;1025,524;0
Will Hughes;Crystal Palace;MF;2,108;29;0;3;11;31;11;66;22;970;737;87;532;20;0,0;128,083;469,639;1323,529;469,639;0
Dean Huijsen;Bournemouth;DF;2,427;19;3;2;19;20;19;36;51;1625;1355;132;1118;41;111,248;74,166;704,574;741,656;704,574;0
Omari Hutchinson;Ipswich Town;MF,FW;2,583;20;3;2;29;35;29;32;11;885;690;75;779;97;104,53;69,686;1010,453;1219,512;1010,453;0
Rasmus Højlund;Manchester Utd;FW;2,004;21;4;0;53;18;53;3;2;336;251;18;308;28;179,641;0,0;2380,24;808,383;2380,24;1
Igor;Brighton;DF;961;26;0;0;0;2;0;5;4;730;671;49;530;9;0,0;0,0;0,0;0,187;0,0;1
Danny Ings;West Ham;FW,MF;284;32;1;2;23;13;23;4;1;92;63;5;63;6;0,317;0,634;7,289;4,12;7,289;1
Tim Iroegbunam;Everton;MF;574;21;0;1;2;2;2;29;16;158;115;15;127;8;0,0;0,157;0,314;0,314;0,314;1
Andy Irving;West Ham;MF;166;24;0;0;1;2;1;7;1;124;109;9;73;0;0,0;0,0;0,542;1,084;0,542;1
Alexander Isak;Newcastle Utd;FW;2,756;24;23;6;203;43;172;12;3;689;519;88;615;83;751,089;195,936;6629,173;1404,209;5616,836;2
Alex Iwobi;Fulham;FW,MF;2,981;28;9;6;47;70;47;44;14;1532;1150;213;1312;144;271,721;181,147;1418,987;2113,385;1418,987;2
Nicolas Jackson;Chelsea;FW;2,220;23;10;5;123;43;123;22;3;399;303;38;417;47;405,405;202,703;4986,486;1743,243;4986,486;2
Reece James;Chelsea;DF,MF;1,063;24;1;1;4;7;4;10;13;854;717;64;486;7;84,666;84,666;338,664;592,662;338,664;1
Vitaly Janelt;Brentford;MF;2,254;26;1;3;8;22;8;38;27;1057;872;80;651;17;39,929;119,787;319,432;878,438;319,432;0
Daniel Jebbison;Bournemouth;FW;119;20;1;0;10;2;10;5;1;42;33;3;44;4;0,756;0,0;7,563;1,513;7,563;1
Mathias Jensen;Brentford;MF;862;28;0;2;2;17;2;14;8;486;363;61;300;6;0,0;0,209;0,209;1,775;0,209;1
Gabriel Jesus;Arsenal;FW;608;27;3;0;30;7;30;10;4;203;156;19;179;15;0,444;0,0;4,441;1,036;4,441;1
Raúl Jiménez;Fulham;FW;2,494;33;12;3;120;33;96;35;10;643;458;62;549;35;433,039;108,26;4330,393;1190,858;3464,314;2
João Pedro;Brighton;FW,MF;1,948;22;10;6;89;50;50;16;9;661;482;78;616;66;462,012;277,207;4111,91;2310,062;2310,062;2
Joelinton;Newcastle Utd;MF,FW;2,393;27;4;3;39;25;39;57;23;1043;863;116;729;40;150,439;112,829;1466,778;940,242;1466,778;0
Ben Johnson;Ipswich Town;DF,FW;1,354;24;1;2;11;13;11;38;13;416;298;27;259;16;66,47;132,939;731,167;864,106;731,167;1
Brennan Johnson;Tottenham;FW;2,177;23;11;3;104;23;104;39;4;638;449;71;544;60;454,754;124,024;4299,495;950,85;4299,495;2
Sam Johnstone;Wolves;GK;630;31;0;0;0;0;0;0;0;278;184;0;196;0;0,0;0,0;0,0;0,0;0,0;1
Curtis Jones;Liverpool;MF,DF;1,712;23;3;3;43;11;43;39;7;1097;1021;117;789;30;157,71;157,71;2260,514;578,271;2260,514;0
Jorginho;Arsenal;MF;704;32;0;0;1;4;1;12;7;474;411;48;302;12;0,0;0,0;0,128;0,511;0,128;1
Diogo Jota;Liverpool;FW;1,196;27;6;3;79;18;79;14;8;310;216;34;263;37;451,505;225,753;5944,816;1354,515;5944,816;2
James Justin;Leicester City;DF;2,912;26;2;2;15;8;15;58;46;1541;1205;91;866;39;61,813;61,813;463,599;247,253;463,599;0
Filip Jørgensen;Chelsea;GK;540;22;0;0;0;0;0;0;0;189;158;0;145;0;0,0;0,0;0,0;0,0;0,0;1
Ferdi Kadioglu;Brighton;DF,MF;385;24;1;0;4;2;4;10;8;175;144;15;124;1;0,234;0,0;0,935;0,468;0,935;1
Daichi Kamada;Crystal Palace;MF;1,564;27;0;0;11;19;11;47;18;752;603;89;485;25;0,0;0,0;632,992;1093,35;632,992;0
Boubacar Kamara;Aston Villa;MF;1,726;24;1;0;8;9;8;50;19;931;825;85;591;19;52,144;0,0;417,149;469,293;417,149;0
Michael Kayode;Brentford;DF;528;20;0;1;2;12;2;17;7;241;184;12;144;12;0,0;0,17;0,341;2,045;0,341;1
Michael Keane;Everton;DF;1,049;31;3;0;6;1;6;12;16;377;312;14;229;1;257,388;0,0;514,776;85,796;514,776;1
Caoimhín Kelleher;Liverpool;GK;900;25;0;0;0;0;0;0;0;382;289;0;290;0;0,0;0,0;0,0;0,0;0,0;1
Lloyd Kelly;Newcastle Utd;DF;303;25;0;1;4;5;4;5;1;181;146;9;120;0;0,0;0,297;1,188;1,485;1,188;1
Milos Kerkez;Bournemouth;DF;3,336;20;2;5;6;39;5;52;45;1776;1346;159;1094;106;53,957;134,892;161,871;1052,158;134,892;0
Bilal El Khannouss;Leicester City;MF,FW;2,182;20;2;3;13;46;13;50;6;1063;798;128;732;73;82,493;123,74;536,205;1897,342;536,205;0
Abdukodir Khusanov;Manchester City;DF;503;20;0;0;0;1;0;5;3;395;360;25;274;1;0,0;0,0;0,0;0,179;0,0;1
Max Kilman;West Ham;DF;3,348;27;0;1;16;12;16;39;38;1958;1697;113;1270;31;0,0;26,882;430,108;322,581;430,108;0
Joshua King;Fulham;MF;130;17;0;0;3;4;3;7;1;64;54;9;44;3;0,0;0,0;2,077;2,769;2,077;1
Antonín Kinský;Tottenham;GK;540;21;0;0;0;1;0;3;0;217;167;1;144;1;0,0;0,0;0,0;0,167;0,0;1
Jakub Kiwior;Arsenal;DF;1,122;24;1;0;2;3;2;22;6;736;673;48;492;5;80,214;0,0;160,428;240,642;160,428;1
Justin Kluivert;Bournemouth;MF;2,340;25;12;6;103;48;56;23;14;782;582;105;646;81;461,538;230,769;3961,538;1846,154;2153,846;2
Ibrahima Konaté;Liverpool;DF;2,560;25;1;2;17;10;17;40;17;1905;1718;115;1290;25;35,156;70,312;597,656;351,562;597,656;0
Ezri Konsa;Aston Villa;DF;2,936;26;2;0;13;4;13;34;24;1673;1555;90;1132;24;61,308;0,0;398,501;122,616;398,501;0
Mateo Kovačić;Manchester City;MF;2,198;30;6;2;19;36;19;69;24;1882;1742;164;1445;56;245,678;81,893;777,98;1474,067;777,98;0
Emil Krafth;Newcastle Utd;DF;342;29;0;0;0;1;0;4;2;158;124;8;82;5;0,0;0,0;0,0;0,263;0,0;1
Mohammed Kudus;West Ham;FW,MF;2,590;23;5;3;69;31;69;38;4;855;715;79;842;98;173,745;104,247;2397,683;1077,22;2397,683;2
Dejan Kulusevski;Tottenham;MF,FW;2,389;24;7;4;42;62;42;45;13;893;658;124;823;120;263,709;150,691;1582,252;2335,705;1582,252;2
Maxence Lacroix;Crystal Palace;DF;3,116;24;1;1;34;10;34;68;54;1477;1207;65;1030;8;28,883;28,883;982,028;288,832;982,028;0
Adam Lallana;Southampton;MF;361;36;0;2;2;9;2;8;5;260;221;24;178;6;0,0;0,499;0,499;2,244;0,499;1
Tariq Lamptey;Brighton;DF;860;23;2;2;4;8;4;17;7;413;335;14;292;32;0,209;0,209;0,419;0,837;0,419;1
Roméo Lavia;Chelsea;MF;797;20;0;1;3;7;3;22;16;424;389;31;295;3;0,0;0,113;0,339;0,79;0,339;1
Mario Lemina;Wolves;MF,DF;1,364;30;1;3;14;11;14;51;27;613;493;48;382;8;65,982;197,947;923,754;725,806;923,754;0
Bernd Leno;Fulham;GK;3,420;32;0;1;0;1;0;2;0;1404;1149;0;955;0;0,0;26,316;0,0;26,316;0,0;1
Jefferson Lerma;Crystal Palace;MF,DF;2,274;29;0;1;11;16;11;35;42;1121;844;97;649;13;0,0;39,578;435,356;633,245;435,356;0
Rico Lewis;Manchester City;DF,MF;1,893;19;1;2;14;3;14;30;13;1312;1201;107;865;39;47,544;95,087;665,61;142,631;665,61;0
Keane Lewis-Potter;Brentford;DF,FW;3,093;23;1;3;31;32;31;49;21;1273;982;98;868;98;29,098;87,294;902,037;931,135;902,037;0
Myles Lewis-Skelly;Arsenal;DF;1,369;17;1;0;2;4;2;22;7;776;708;71;526;37;65,741;0,0;131,483;262,966;131,483;1
Matthijs de Ligt;Manchester Utd;DF;2,123;24;2;0;25;3;25;30;33;1380;1241;55;1078;7;84,786;0,0;1059,821;127,179;1059,821;0
Victor Lindelöf;Manchester Utd;DF;704;30;0;0;0;1;0;7;8;386;362;26;263;5;0,0;0,0;0,0;0,128;0,0;1
Jesper Lindstrøm;Everton;FW;1,239;24;0;1;21;20;21;45;12;428;297;25;302;30;0,0;72,639;1525,424;1452,785;1525,424;1
Valentino Livramento;Newcastle Utd;DF;2,840;21;0;1;3;26;3;54;23;1643;1403;158;1023;83;0,0;31,69;95,07;823,944;95,07;0
Sean Longstaff;Newcastle Utd;MF;798;26;0;0;6;2;6;27;7;349;295;40;248;4;0,0;0,0;0,677;0,226;0,677;1
Saša Lukić;Fulham;MF;2,344;27;0;2;12;27;12;68;28;1260;1100;98;825;39;0,0;76,792;460,751;1036,689;460,751;0
Joe Lumley;Southampton;GK;270;29;0;0;0;0;0;0;0;151;106;0;103;0;0,0;0,0;0,0;0,0;0,0;1
Massimo Luongo;Ipswich Town;MF;201;31;0;0;0;0;0;9;2;66;50;6;46;0;0,0;0,0;0,0;0,0;0,0;1
Ian Maatsen;Aston Villa;DF;1,139;22;1;2;9;27;9;29;15;747;609;50;505;31;79,017;158,033;711,15;2133,45;711,15;0
Alexis Mac Allister;Liverpool;MF;2,599;25;5;5;28;47;28;95;22;1524;1273;177;915;36;173,144;173,144;969,604;1627,549;969,604;0
James Maddison;Tottenham;MF;1,809;27;9;7;58;42;58;31;12;1256;1021;164;1026;45;447,761;348,259;2885,572;2089,552;2885,572;2
Noni Madueke;Chelsea;FW;2,033;22;7;3;96;42;96;25;10;685;530;69;641;154;309,887;132,809;4249,877;1859,321;4249,877;2
Gabriel Magalhães;Arsenal;DF;2,363;26;3;1;26;9;26;25;16;1641;1480;126;1116;10;114,262;38,087;990,267;342,785;990,267;0
Edmond-Paris Maghoma;Brentford;MF,FW;119;23;0;0;1;1;1;2;1;84;76;13;68;4;0,0;0,0;0,756;0,756;0,756;1
Harry Maguire;Manchester Utd;DF;1,758;31;1;0;18;6;18;30;40;1128;965;51;782;7;51,195;0,0;921,502;307,167;921,502;0
Kobbie Mainoo;Manchester Utd;MF;1,651;19;0;0;7;16;7;46;19;836;723;65;652;22;0,0;0,0;381,587;872,199;381,587;0
Tyrell Malacia;Manchester Utd;DF;100;24;0;0;0;0;0;2;1;55;49;3;37;3;0,0;0,0;0,0;0,0;0,0;1
Donyell Malen;Aston Villa;FW;305;25;3;0;22;2;22;7;0;77;53;6;79;12;0,885;0,0;6,492;0,59;6,492;1
Orel Mangala;Everton;MF;1,261;26;1;0;11;6;11;16;21;490;437;34;298;6;71,372;0,0;785,091;428,232;785,091;1
Ryan Manning;Southampton;DF,MF;1,462;28;0;1;3;32;3;28;17;803;619;35;483;14;0,0;61,56;184,679;1969,904;184,679;0
Solly March;Brighton;FW,MF;168;30;0;0;1;3;1;6;2;95;60;2;57;5;0,0;0,0;0,536;1,607;0,536;1
Omar Marmoush;Manchester City;FW,MF;1,175;25;7;0;55;28;55;13;6;318;252;37;320;29;536,17;0,0;4212,766;2144,681;4212,766;2
Gabriel Martinelli;Arsenal;FW,MF;2,290;23;8;4;74;50;74;23;5;699;499;52;670;124;314,41;157,205;2908,297;1965,066;2908,297;2
Emiliano Martínez;Aston Villa;GK;3,194;31;0;0;0;5;0;3;0;1387;1091;4;889;0;0,0;0,0;0,0;140,889;0,0;1
Lisandro Martínez;Manchester Utd;DF;1,751;26;2;1;13;11;13;40;32;1342;1200;117;1017;23;102,798;51,399;668,19;565,391;668,19;0
Pape Matar Sarr;Tottenham;MF;1,913;21;3;2;37;16;37;49;30;1029;889;88;772;33;141,14;94,093;1740,721;752,744;1740,721;0
Jean-Philippe Mateta;Crystal Palace;FW;2,648;27;14;2;135;32;119;18;2;447;291;52;400;45;475,831;67,976;4588,369;1087,613;4044,562;2
Stephy Mavididi;Leicester City;FW;1,615;26;4;1;18;26;18;34;11;613;460;57;583;91;222,91;55,728;1003,096;1448,916;1003,096;0
Konstantinos Mavropanos;West Ham;DF;2,045;26;0;0;15;5;15;35;40;1265;1092;61;864;17;0,0;0,0;660,147;220,049;660,147;0
Noussair Mazraoui;Manchester Utd;DF;2,838;26;0;1;7;15;7;115;34;1781;1526;115;1172;42;0,0;31,712;221,987;475,687;221,987;0
Bryan Mbeumo;Brentford;FW;3,414;24;20;7;123;83;75;49;14;1319;872;141;1077;130;527,241;184,534;3242,531;2188,049;1977,153;2
James Mcatee;Manchester City;MF,FW;349;21;3;0;28;5;28;5;2;125;100;7;96;7;0,774;0,0;7,221;1,289;7,221;1
Kasey McAteer;Leicester City;FW;852;22;1;1;10;7;10;23;5;252;183;14;224;19;0,106;0,106;1,056;0,739;1,056;1
Alex McCarthy;Southampton;GK;450;34;0;0;0;0;0;0;0;156;117;0;100;0;0,0;0,0;0,0;0,0;0,0;1
John McGinn;Aston Villa;MF,FW;2,223;29;1;4;31;35;28;33;14;854;699;103;581;32;40,486;161,943;1255,061;1417,004;1133,603;0
Dwight McNeil;Everton;MF,FW;1,371;24;4;6;11;52;11;13;6;619;461;69;443;38;262,582;393,873;722,101;3413,567;722,101;2
Ben Mee;Brentford;DF;183;34;0;0;0;0;0;2;4;120;93;11;78;3;0,0;0,0;0,0;0,0;0,0;1
Mikel Merino;Arsenal;MF,FW;1,586;28;7;2;59;20;59;46;15;577;451;69;388;11;397,226;113,493;3348,045;1134,931;3348,045;2
Nikola Milenković;Nott'ham Forest;DF;3,330;26;5;2;40;11;40;51;27;1033;850;51;547;3;135,135;54,054;1081,081;297,297;1081,081;0
Lewis Miley;Newcastle Utd;MF;313;18;1;0;5;0;5;14;2;191;168;17;112;2;0,288;0,0;1,438;0,0;1,438;1
James Milner;Brighton;MF;170;38;0;0;2;2;2;5;2;74;55;10;47;1;0,0;0,0;1,059;1,059;1,059;1
Tyrone Mings;Aston Villa;DF;1,120;31;0;0;8;2;8;7;7;676;596;40;484;7;0,0;0,0;642,857;160,714;642,857;1
Yankuba Minteh;Brighton;FW,MF;1,838;20;6;4;41;50;41;48;11;557;348;48;481;90;293,798;195,865;2007,617;2448,313;2007,617;2
Tyrick Mitchell;Crystal Palace;DF;3,092;24;0;5;13;64;13;91;19;1355;976;70;820;63;0,0;145,537;378,396;1862,872;378,396;0
Kaoru Mitoma;Brighton;FW,MF;2,603;27;10;4;92;46;92;45;14;988;749;89;830;146;345,755;138,302;3180,945;1590,473;3180,945;2
Jeremy Monga;Leicester City;FW,MF;112;15;0;0;2;0;2;2;0;29;18;3;37;6;0,0;0,0;1,607;0,0;1,607;1
Mikey Moore;Tottenham;FW;366;16;0;1;2;3;2;2;1;96;67;9;106;12;0,0;0,246;0,492;0,738;0,492;1
Morato;Nott'ham Forest;DF;907;23;0;0;2;0;2;22;10;309;238;19;164;1;0,0;0,0;0,198;0,0;0,198;1
Álex Moreno;Nott'ham Forest;DF,MF;955;31;0;1;2;13;2;25;15;428;308;34;229;26;0,0;0,094;0,188;1,225;0,188;1
Sam Morsy;Ipswich Town;MF;2,751;32;1;1;4;12;4;68;29;1445;1249;120;852;22;32,715;32,715;130,862;392,585;130,862;0
Yerson Mosquera;Wolves;DF;441;23;0;0;3;1;3;11;10;240;205;7;168;0;0,0;0,0;0,612;0,204;0,612;1
Mason Mount;Manchester Utd;MF;622;25;1;0;32;6;32;15;4;253;207;33;215;15;0,145;0,0;4,63;0,868;4,63;1
Mykhailo Mudryk;Chelsea;FW;151;23;0;0;3;10;3;2;0;42;28;5;39;7;0,0;0,0;1,788;5,96;1,788;1
Marshall Munetsi;Wolves;MF,FW;1,078;28;2;1;33;18;33;24;6;212;152;10;148;9;166,976;83,488;2755,102;1502,783;2755,102;1
Rodrigo Muniz;Fulham;FW;964;23;8;1;58;7;58;10;5;142;92;27;157;6;0,747;0,093;5,415;0,654;5,415;1
Daniel Muñoz;Crystal Palace;DF;3,228;28;4;5;49;55;49;123;44;1492;1129;97;806;62;111,524;139,405;1366,171;1533,457;1366,171;0
Arijanet Muric;Ipswich Town;GK;1,620;25;0;0;0;0;0;0;0;633;454;1;405;0;0,0;0,0;0,0;0,0;0,0;1
Murillo;Nott'ham Forest;DF;3,188;22;2;0;14;12;14;53;36;1450;1138;115;821;22;56,462;0,0;395,232;338,77;395,232;0
Jacob Murphy;Newcastle Utd;FW;2,360;29;8;12;57;89;57;28;13;1004;688;83;733;79;305,085;457,627;2173,729;3394,068;2173,729;2
Vitaliy Mykolenko;Everton;DF;3,082;25;1;2;5;26;5;63;44;1322;986;110;697;33;29,202;58,404;146,009;759,247;146,009;0
Iliman Ndiaye;Everton;FW;2,430;24;9;0;62;19;47;53;20;736;602;59;621;86;333,333;0,0;2296,296;703,704;1740,741;2
Wilfred Ndidi;Leicester City;MF;2,324;27;0;5;20;19;20;85;31;1045;839;70;670;18;0,0;193,632;774,527;735,8;774,527;0
Kosta Nedeljković;Aston Villa;DF;126;18;0;0;0;0;0;7;0;53;47;6;27;1;0,0;0,0;0,0;0,0;0,0;1
Reiss Nelson;Fulham;FW;487;24;1;1;11;10;11;8;5;268;232;35;259;45;0,185;0,185;2,033;1,848;2,033;1
Neto;Bournemouth;GK;180;35;0;0;0;0;0;0;0;62;40;0;35;0;0,0;0,0;0,0;0,0;0,0;1
Pedro Neto;Chelsea;FW;2,269;24;4;6;35;67;35;23;9;895;702;60;746;126;158,66;237,99;1388,277;2657,558;1388,277;2
Eddie Nketiah;Crystal Palace;FW,MF;1,034;25;3;1;58;17;58;15;3;241;179;19;246;41;261,122;87,041;5048,356;1479,691;5048,356;2
Christopher Nkunku;Chelsea;FW;921;26;3;2;48;21;48;12;7;334;299;25;280;17;0,293;0,195;4,691;2,052;4,691;1
Matheus Nunes;Manchester City;DF,MF;1,674;25;1;6;12;44;12;35;15;1234;1065;79;866;63;53,763;322,581;645,161;2365,591;645,161;0
Darwin Núñez;Liverpool;FW;1,133;25;5;2;58;13;58;21;4;230;163;27;201;23;397,176;158,87;4607,237;1032,657;4607,237;2
Ethan Nwaneri;Arsenal;FW,MF;895;17;4;2;12;12;12;11;2;425;342;33;365;46;0,402;0,201;1,207;1,207;1,207;1
Christian Nørgaard;Brentford;MF;2,819;30;5;4;43;13;43;79;49;1427;1164;154;826;14;159,631;127,705;1372,827;415,041;1372,827;0
Jake O'Brien;Everton;DF;1,571;23;2;0;8;6;8;26;4;725;577;50;391;7;114,577;0,0;458,307;343,73;458,307;1
Matt O'Riley;Brighton;MF;938;23;2;2;28;24;20;16;13;413;316;38;275;22;0,192;0,192;2,687;2,303;1,919;1
Dara O'Shea;Ipswich Town;DF;3,122;25;0;2;13;5;13;49;33;1579;1234;80;897;3;0,0;57,655;374,76;144,138;374,76;0
Chidozie Obi-Martin;Manchester Utd;FW;165;16;0;0;7;0;7;2;0;24;20;1;22;2;0,0;0,0;3,818;0,0;3,818;1
Wilson Odobert;Tottenham;FW,MF;850;19;1;0;16;10;16;14;4;274;212;27;265;45;0,106;0,0;1,694;1,059;1,694;1
Chiedozie Ogbene;Ipswich Town;FW;238;27;0;0;0;1;0;7;1;43;32;0;41;7;0,0;0,0;0,0;0,378;0,0;1
Caleb Okoli;Leicester City;DF;1,125;23;1;0;6;0;6;25;15;648;559;32;468;3;80,0;0,0;480,0;0,0;480,0;1
Robin Olsen;Aston Villa;GK;226;34;0;0;0;0;0;1;0;101;65;0;50;0;0,0;0,0;0,0;0,0;0,0;1
Amadou Onana;Aston Villa;MF;1,617;22;3;0;21;7;21;55;26;802;703;75;553;29;166,976;0,0;1168,831;389,61;1168,831;0
André Onana;Manchester Utd;GK;3,060;28;0;0;0;2;0;2;0;1306;948;1;961;0;0,0;0,0;0,0;58,824;0,0;1
Paul Onuachu;Southampton;FW;1,050;30;4;1;36;5;36;7;1;263;160;13;214;7;342,857;85,714;3085,714;428,571;3085,714;1
Stefan Ortega;Manchester City;GK;1,100;31;0;0;0;0;0;0;0;459;373;0;323;0;0,0;0,0;0,0;0,0;0,0;1
William Osula;Newcastle Utd;FW;134;20;1;0;2;1;2;2;4;29;18;4;37;5;0,672;0,0;1,343;0,672;1,343;1
Dango Ouattara;Bournemouth;FW;2,005;22;7;4;84;55;84;35;11;612;367;43;492;79;314,214;179,551;3770,574;2468,828;3770,574;2
Nico O’Reilly;Manchester City;DF;528;19;2;0;13;4;13;9;4;353;305;17;249;16;0,341;0,0;2,216;0,682;2,216;1
Alex Palmer;Ipswich Town;GK;1,170;27;0;0;0;0;0;0;0;423;299;1;210;0;0,0;0,0;0,0;0,0;0,0;1
Cole Palmer;Chelsea;MF,FW;3,191;22;15;8;173;109;133;34;11;1480;1140;214;1173;120;423,065;225,635;4879,348;3074,271;3751,175;2
Emerson Palmieri;West Ham;DF;2,113;29;2;1;20;15;20;60;21;1077;861;66;555;47;85,187;42,593;851,869;638,902;851,869;0
Lucas Paquetá;West Ham;MF,FW;2,380;26;4;0;53;31;37;66;18;1456;1126;155;921;26;151,261;0,0;2004,202;1172,269;1399,16;0
Thomas Partey;Arsenal;MF,DF;2,797;31;4;2;23;21;23;89;35;1920;1678;185;1256;36;128,709;64,355;740,079;675,724;740,079;0
Nathan Patterson;Everton;DF;347;22;0;1;1;4;1;11;2;176;130;13;95;6;0,0;0,259;0,259;1,037;0,259;1
Andreas Pereira;Fulham;MF;2,013;28;2;4;38;46;30;24;8;970;670;104;578;29;89,419;178,838;1698,957;2056,632;1341,282;0
Ricardo Pereira;Leicester City;DF;388;30;0;0;1;0;1;13;4;248;207;18;151;3;0,0;0,0;0,232;0,0;0,232;1
Kalvin Phillips;Ipswich Town;MF;1,237;28;0;0;4;2;4;35;19;551;436;51;310;4;0,0;0,0;291,027;145,513;291,027;1
Jaden Philogene Bidace;Aston Villa;FW,MF;332;22;0;0;5;3;5;11;3;86;63;4;75;7;0,0;0,0;1,355;0,813;1,355;1
Jaden Philogene Bidace;Ipswich Town;FW,DF;474;22;2;0;20;2;20;14;10;131;95;10;127;13;0,38;0,0;3,797;0,38;3,797;1
Jordan Pickford;Everton;GK;3,420;30;0;1;0;4;0;1;1;1595;1057;0;989;0;0,0;26,316;0,0;105,263;0,0;1
Ethan Pinnock;Brentford;DF;1,913;31;2;0;11;12;11;35;24;1080;924;41;633;3;94,093;0,0;517,512;564,558;517,512;0
Nick Pope;Newcastle Utd;GK;2,520;32;0;0;0;0;0;0;1;782;575;1;439;0;0,0;0,0;0,0;0,0;0,0;1
Pedro Porro;Tottenham;DF;2,610;24;2;6;16;50;16;66;36;1892;1385;154;1187;65;68,966;206,897;551,724;1724,138;551,724;0
Jarell Quansah;Liverpool;DF;495;21;0;0;1;1;1;12;7;392;356;19;268;3;0,0;0,0;0,182;0,182;0,182;1
Aaron Ramsdale;Southampton;GK;2,700;26;0;0;0;0;0;0;2;1223;774;0;786;0;0,0;0,0;0,0;0,0;0,0;1
Jacob Ramsey;Aston Villa;FW,MF;1,623;23;1;3;16;23;16;30;8;586;497;68;496;61;55,453;166,359;887,246;1275,416;887,246;0
Marcus Rashford;Manchester Utd;FW,MF;978;26;4;1;17;21;17;7;4;343;253;21;293;20;0,368;0,092;1,564;1,933;1,564;1
Marcus Rashford;Aston Villa;FW;444;26;2;2;31;23;23;10;1;164;117;13;127;22;0,405;0,405;6,284;4,662;4,662;1
David Raya;Arsenal;GK;3,420;28;0;0;0;0;0;0;2;1413;1040;14;921;0;0,0;0,0;0,0;0,0;0,0;1
Harrison Reed;Fulham;MF;108;29;0;0;2;1;2;6;1;55;39;4;31;1;0,0;0,0;1,667;0,833;1,667;1
Sergio Reguilón;Tottenham;DF;196;27;0;0;1;0;1;4;4;136;93;13;88;5;0,0;0,0;0,459;0,0;0,459;1
Declan Rice;Arsenal;MF;2,825;25;4;7;35;66;35;53;25;1650;1376;192;1031;90;127,434;223,009;1115,044;2102,655;1115,044;0
Chris Richards;Crystal Palace;DF;1,922;24;1;0;14;1;14;47;19;857;684;39;517;6;46,826;0,0;655,567;46,826;655,567;1
Richarlison;Tottenham;FW;504;27;4;1;37;9;37;5;0;103;62;11;89;8;0,714;0,179;6,607;1,607;6,607;1
Andrew Robertson;Liverpool;DF;2,482;30;0;1;12;46;12;39;21;1885;1559;176;1107;64;0,0;36,261;435,133;1668,01;435,133;0
Antonee Robinson;Fulham;DF;3,167;26;0;10;7;42;7;95;62;2076;1595;131;1343;118;0,0;284,181;198,926;1193,559;198,926;0
Jay Robinson;Southampton;MF,FW;137;17;0;0;0;7;0;4;0;34;23;1;33;3;0,0;0,0;0,0;4,599;0,0;1
Guido Rodríguez;West Ham;MF;1,149;30;0;1;2;2;2;36;13;569;480;33;327;4;0,0;78,329;156,658;156,658;156,658;1
Mads Roerslev;Brentford;DF;1,101;25;0;2;2;30;2;18;4;536;422;51;352;17;0,0;163,488;163,488;2452,316;163,488;1
Morgan Rogers;Aston Villa;FW,MF;3,114;22;8;10;66;78;66;43;6;907;664;123;794;114;231,214;289,017;1907,514;2254,335;1907,514;2
Cristian Romero;Tottenham;DF;1,416;26;1;0;16;6;16;35;21;1223;1094;71;896;12;63,559;0,0;1016,949;381,356;1016,949;0
Georginio Rutter;Brighton;MF,FW;1,656;22;5;3;46;25;46;39;10;355;237;67;361;42;271,739;163,043;2500,0;1358,696;2500,0;2
José Sá;Wolves;GK;2,609;31;0;0;0;2;0;2;0;924;592;2;630;0;0,0;0,0;0,0;68,992;0,0;1
Bukayo Saka;Arsenal;FW,MF;1,729;22;6;10;68;76;60;29;3;731;552;70;628;96;312,319;520,532;3539,618;3956,044;3123,193;2
Mohamed Salah;Liverpool;FW;3,371;32;29;18;252;142;182;21;9;1263;892;144;1150;155;774,251;480,57;6727,974;3791,16;4859,092;2
William Saliba;Arsenal;DF;3,039;23;2;0;23;9;23;62;21;2559;2413;138;1756;16;59,23;0,0;681,145;266,535;681,145;0
Robert Sánchez;Chelsea;GK;2,880;26;0;0;0;1;0;0;2;1249;871;1;881;0;0,0;0,0;0,0;31,25;0,0;1
Jadon Sancho;Chelsea;FW;1,764;24;3;4;22;37;22;13;2;803;663;90;653;102;153,061;204,082;1122,449;1887,755;1122,449;0
Ibrahim Sangaré;Nott'ham Forest;MF;590;26;0;1;0;4;0;28;6;323;276;27;171;1;0,0;0,153;0,0;0,61;0,0;1
Pablo Sarabia;Wolves;MF,FW;814;32;3;2;29;18;29;16;4;445;308;60;325;15;0,332;0,221;3,206;1,99;3,206;1
Ismaila Sarr;Crystal Palace;MF;2,711;26;8;6;107;85;107;22;9;742;490;85;607;75;265,585;199,188;3552,195;2821,837;3552,195;2
Sávio;Manchester City;FW,MF;1,766;20;1;8;50;69;50;23;6;856;692;67;783;137;50,963;407,701;2548,131;3516,421;2548,131;2
Oliver Scarles;West Ham;DF,FW;665;18;0;0;1;1;1;21;11;372;293;22;219;12;0,0;0,0;0,135;0,135;0,135;1
Kevin Schade;Brentford;FW;2,293;22;11;2;82;37;82;39;5;541;323;38;434;61;431,749;78,5;3218,491;1452,246;3218,491;2
Fabian Schär;Newcastle Utd;DF;2,934;32;4;0;37;4;37;36;45;1977;1654;118;1438;18;122,699;0,0;1134,969;122,699;1134,969;0
Jeffrey Schlupp;Crystal Palace;MF,DF;103;31;0;0;2;2;2;2;0;50;39;5;30;4;0,0;0,0;1,748;1,748;1,748;1
Alex Scott;Bournemouth;MF;755;20;0;0;7;9;7;27;10;342;286;52;247;15;0,0;0,0;0,834;1,073;0,834;1
Matz Sels;Nott'ham Forest;GK;3,420;32;0;0;0;4;0;1;0;998;519;2;528;1;0,0;0,0;0,0;105,263;0,0;1
Nélson Semedo;Wolves;DF;2,886;30;0;4;9;28;9;62;23;1357;1096;80;901;67;0,0;124,74;280,665;873,181;280,665;0
Antoine Semenyo;Bournemouth;FW;3,203;24;11;5;100;58;100;55;11;1119;821;109;979;140;309,085;140,493;2809,866;1629,722;2809,866;2
Marcos Senesi;Bournemouth;DF;1,106;27;0;0;8;2;8;39;14;735;561;62;554;12;0,0;0,0;650,995;162,749;650,995;1
Ryan Sessegnon;Fulham;FW,DF;580;24;4;2;16;11;16;27;3;241;189;22;180;18;0,621;0,31;2,483;1,707;2,483;1
Luke Shaw;Manchester Utd;DF;349;29;0;0;0;7;0;4;2;290;249;24;226;7;0,0;0,0;0,0;1,805;0,0;1
Bernardo Silva;Manchester City;MF,FW;2,670;29;4;4;39;51;39;56;23;1783;1547;134;1288;101;134,831;134,831;1314,607;1719,101;1314,607;0
Jota Silva;Nott'ham Forest;FW,MF;854;24;3;1;21;29;21;27;12;196;118;18;175;21;0,316;0,105;2,213;3,056;2,213;1
Jahmai Simpson-Pusey;Manchester City;DF;96;18;0;0;0;0;0;1;0;115;107;3;79;1;0,0;0,0;0,0;0,0;0,0;1
Luis Sinisterra;Bournemouth;FW,MF;236;25;1;1;12;14;12;7;1;93;73;6;95;19;0,381;0,381;4,576;5,339;4,576;1
Oliver Skipp;Leicester City;MF;1,129;23;0;0;4;3;4;21;11;502;419;35;347;16;0,0;0,0;318,866;239,15;318,866;1
William Smallbone;Southampton;MF;690;24;1;0;6;7;6;20;2;356;270;27;193;5;0,13;0,0;0,783;0,913;0,783;1
Adam Smith;Bournemouth;DF;1,590;33;0;0;7;4;7;24;15;679;514;49;366;15;0,0;0,0;396,226;226,415;396,226;1
Emile Smith Rowe;Fulham;MF;2,043;24;6;3;45;14;45;31;11;1023;922;126;779;53;264,317;132,159;1982,379;616,74;1982,379;0
Dominic Solanke;Tottenham;FW;2,201;26;9;3;109;29;101;18;1;361;255;47;385;31;368,015;122,672;4457,065;1185,825;4129,941;2
Carlos Soler;West Ham;MF,FW;1,409;27;1;1;18;14;18;16;8;669;570;56;367;17;63,875;63,875;1149,752;894,251;1149,752;1
Ramón Sosa;Nott'ham Forest;FW,MF;295;24;1;0;10;5;10;5;4;97;66;6;75;12;0,305;0,0;3,051;1,525;3,051;1
Tomáš Souček;West Ham;MF;2,567;29;9;1;67;10;67;46;20;969;715;74;506;9;315,543;35,06;2349,046;350,604;2349,046;2
Boubakary Soumaré;Leicester City;MF;2,171;25;0;0;3;4;3;37;27;1234;1073;105;847;34;0,0;0,0;124,367;165,822;124,367;0
Djed Spence;Tottenham;DF;1,792;23;1;2;6;18;6;47;21;1161;992;105;794;59;50,223;100,446;301,339;904,018;301,339;0
Jason Steele;Brighton;GK;180;33;0;0;0;0;0;0;0;112;101;0;91;0;0,0;0,0;0,0;0,0;0,0;1
Jack Stephens;Southampton;DF;1,389;30;1;0;6;2;6;34;13;955;879;63;631;14;64,795;0,0;388,769;129,59;388,769;1
Raheem Sterling;Arsenal;FW,MF;499;29;0;2;14;5;14;9;1;201;158;18;201;27;0,0;0,361;2,525;0,902;2,525;1
Ross Stewart;Southampton;FW;389;28;1;0;11;0;11;6;1;95;67;2;64;3;0,231;0,0;2,545;0,0;2,545;1
Jakub Stolarczyk;Leicester City;GK;900;23;0;0;0;0;0;2;0;386;238;1;221;0;0,0;0,0;0,0;0,0;0,0;1
John Stones;Manchester City;DF,MF;548;30;2;0;4;1;4;6;4;403;367;21;292;10;0,328;0,0;0,657;0,164;0,657;1
Jørgen Strand Larsen;Wolves;FW;2,587;24;14;4;103;30;103;10;6;457;295;29;345;17;487,051;139,157;3583,301;1043,68;3583,301;2
Yukinari Sugawara;Southampton;DF,MF;1,557;24;1;1;5;22;5;31;11;891;713;72;564;33;57,803;57,803;289,017;1271,676;289,017;0
Kamaldeen Sulemana;Southampton;FW,MF;1,402;22;1;1;15;10;15;22;6;357;285;27;380;63;64,194;64,194;962,91;641,94;962,91;1
Crysencio Summerville;West Ham;FW,MF;786;22;1;1;16;17;16;13;0;254;194;18;207;29;0,115;0,115;1,832;1,947;1,832;1
Sammie Szmodics;Ipswich Town;FW,MF;992;28;4;0;34;2;34;16;6;201;149;19;179;16;0,363;0,0;3,085;0,181;3,085;1
Dominik Szoboszlai;Liverpool;MF;2,491;23;6;6;73;74;73;38;9;1322;1114;131;805;72;216,78;216,78;2637,495;2673,625;2637,495;2
James Tarkowski;Everton;DF;2,922;31;1;1;13;29;13;64;41;1290;1045;75;727;9;30,801;30,801;400,411;893,224;400,411;0
Marcus Tavernier;Bournemouth;FW,MF;1,939;25;3;5;55;40;55;43;5;934;689;128;705;53;139,247;232,078;2552,862;1856,627;2552,862;2
Charlie Taylor;Southampton;DF;356;30;0;0;0;1;0;7;5;223;196;9;116;3;0,0;0,0;0,0;0,253;0,0;1
Jack Taylor;Ipswich Town;MF;860;26;1;0;7;5;7;20;9;421;349;43;254;11;0,105;0,0;0,733;0,523;0,733;1
Mathys Tel;Tottenham;FW;911;19;2;1;30;26;22;16;2;266;185;21;266;28;0,198;0,099;2,964;2,569;2,173;1
Kenny Tete;Fulham;DF;1,774;28;0;2;14;9;14;56;32;956;772;63;611;34;0,0;101,466;710,259;456,595;710,259;0
Thiago;Brentford;FW,MF;175;23;0;0;1;1;1;5;2;56;40;4;45;3;0,0;0,0;0,514;0,514;0,514;1
Luke Thomas;Leicester City;DF;1,110;23;0;0;4;5;4;31;21;629;493;37;371;5;0,0;0,0;324,324;405,405;324,324;1
Youri Tielemans;Aston Villa;MF;3,026;27;3;7;33;70;25;84;23;2061;1694;235;1288;39;89,227;208,196;981,494;2081,956;743,556;0
Kieran Tierney;Arsenal;DF,FW;259;27;1;0;4;14;4;7;3;173;145;15;108;8;0,347;0,0;1,39;4,865;1,39;1
Jurriën Timber;Arsenal;DF;2,417;23;1;3;12;8;12;58;22;1395;1194;146;890;57;37,236;111,709;446,835;297,89;446,835;0
Jean-Clair Todibo;West Ham;DF;1,825;24;0;0;4;0;4;47;26;1082;951;38;760;9;0,0;0,0;197,26;0,0;197,26;0
Harry Toffolo;Nott'ham Forest;DF;137;28;0;0;0;0;0;5;2;67;47;2;17;0;0,0;0,0;0,0;0,0;0,0;1
Sandro Tonali;Newcastle Utd;MF;2,630;24;4;2;44;22;44;51;34;1535;1285;128;979;37;136,882;68,441;1505,703;752,852;1505,703;0
Pau Torres;Aston Villa;DF;2,020;27;0;0;5;1;5;21;10;1369;1217;97;965;40;0,0;0,0;222,772;44,554;222,772;0
Conor Townsend;Ipswich Town;DF;335;31;0;1;0;7;0;11;4;127;80;8;53;2;0,0;0,269;0,0;1,881;0,0;1
Adama Traoré;Fulham;FW,MF;1,772;28;2;7;40;49;40;20;1;587;424;68;538;100;101,58;355,53;2031,603;2488,713;2031,603;2
Mark Travers;Bournemouth;GK;450;25;0;0;0;0;0;0;0;142;100;0;85;0;0,0;0,0;0,0;0,0;0,0;1
Kieran Trippier;Newcastle Utd;DF;1,309;33;0;3;1;14;1;38;12;1256;1036;117;609;26;0,0;206,264;68,755;962,567;68,755;0
Leandro Trossard;Arsenal;FW;2,546;29;8;7;72;61;72;31;9;954;711;101;828;80;282,797;247,447;2545,169;2156,324;2545,169;2
Kostas Tsimikas;Liverpool;DF;837;28;0;1;4;21;4;31;11;654;550;76;368;17;0,0;0,108;0,43;2,258;0,43;1
Axel Tuanzebe;Ipswich Town;DF;1,710;26;0;1;2;3;2;31;23;814;682;61;402;10;0,0;52,632;105,263;157,895;105,263;1
Destiny Udogie;Tottenham;DF;1,924;21;0;1;3;15;3;75;22;1115;972;121;758;54;0,0;46,778;140,333;701,663;140,333;0
Manuel Ugarte;Manchester Utd;MF;1,785;23;1;2;10;11;10;77;27;910;800;61;668;16;50,42;100,84;504,202;554,622;504,202;0
Lesley Ugochukwu;Southampton;MF;1,655;20;1;1;9;10;9;50;14;706;600;49;479;29;54,381;54,381;489,426;543,807;489,426;0
Enes Ünal;Bournemouth;FW,MF;345;27;2;1;27;4;27;1;0;99;63;12;91;4;0,522;0,261;7,043;1,043;7,043;1
Hákon Valdimarsson;Brentford;GK;145;22;0;0;0;0;0;0;0;70;46;0;44;0;0,0;0,0;0,0;0,0;0,0;1
Virgil van Dijk;Liverpool;DF;3,330;33;3;1;22;7;22;38;56;2934;2687;198;1856;22;81,081;27,027;594,595;189,189;594,595;0
Jamie Vardy;Leicester City;FW;2,823;37;9;4;112;30;96;19;5;389;258;22;285;29;286,929;127,524;3570,67;956,429;3060,574;2
Renato Veiga;Chelsea;DF,MF;181;21;0;0;1;0;1;9;1;139;118;7;85;4;0,0;0,0;0,497;0,0;0,497;1
Joël Veltman;Brighton;DF;1,697;32;0;0;5;5;5;43;19;929;745;85;548;32;0,0;0,0;265,174;265,174;265,174;0
Micky van de Ven;Tottenham;DF;1,015;23;0;2;6;12;6;10;10;802;729;51;620;8;0,0;177,34;532,02;1064,039;532,02;1
Bart Verbruggen;Brighton;GK;3,240;21;0;1;0;0;0;0;0;1315;1011;2;955;0;0,0;27,778;0,0;0,0;0,0;1
Jannik Vestergaard;Leicester City;DF;1,391;31;0;0;1;1;1;22;16;959;870;32;672;3;0,0;0,0;64,702;64,702;64,702;1
Guglielmo Vicario;Tottenham;GK;2,160;27;0;0;0;0;0;0;1;874;764;1;661;0;0,0;0,0;0,0;0,0;0,0;1
Kyle Walker;Manchester City;DF;970;34;0;0;1;4;1;17;3;826;724;64;499;12;0,0;0,0;0,093;0,371;0,093;1
Kyle Walker-Peters;Southampton;DF;2,918;27;0;2;8;28;8;44;19;1693;1493;139;1271;114;0,0;61,686;246,744;863,605;246,744;0
Christian Walton;Ipswich Town;GK;630;28;0;0;0;0;0;0;0;255;177;0;143;0;0,0;0,0;0,0;0,0;0,0;1
Aaron Wan-Bissaka;West Ham;DF;3,154;26;2;5;12;35;12;70;66;1815;1472;149;1092;110;57,07;142,676;342,422;998,732;342,422;0
Danny Ward;Leicester City;GK;135;31;0;0;0;0;0;0;0;53;41;0;44;0;0,0;0,0;0,0;0,0;0,0;1
James Ward-Prowse;West Ham;MF;1,039;29;1;1;16;19;16;20;8;768;677;54;427;11;86,622;86,622;1385,948;1645,813;1385,948;1
James Ward-Prowse;Nott'ham Forest;MF;400;29;0;1;1;11;1;4;5;182;145;16;92;1;0,0;0,225;0,225;2,475;0,225;1
Ollie Watkins;Aston Villa;FW;2,598;28;16;8;153;33;138;10;8;424;307;31;409;55;554,273;277,136;5300,231;1143,187;4780,6;2
Adam Webster;Brighton;DF;887;29;0;0;2;5;2;10;20;725;636;63;476;8;0,0;0,0;0,203;0,507;0,203;1
Danny Welbeck;Brighton;FW;2,115;33;10;4;96;14;88;26;5;491;417;47;448;21;425,532;170,213;4085,106;595,745;3744,681;2
Welington;Southampton;DF;482;23;0;0;0;1;0;21;7;186;145;11;100;5;0,0;0,0;0,0;0,187;0,0;1
Timo Werner;Tottenham;FW,MF;516;28;0;3;10;25;10;6;1;236;158;30;215;42;0,0;0,523;1,744;4,36;1,744;1
Adam Wharton;Crystal Palace;MF;1,318;20;0;2;4;30;4;34;20;725;548;107;430;14;0,0;136,571;273,141;2048,558;273,141;0
Ben White;Arsenal;DF;1,198;26;0;2;5;14;5;20;16;692;580;59;394;23;0,0;150,25;375,626;1051,753;375,626;1
Mats Wieffer;Brighton;DF,MF;1,015;24;1;3;8;16;8;58;17;698;594;62;483;18;88,67;266,01;709,36;1418,719;709,36;0
Neco Williams;Nott'ham Forest;DF;2,594;23;1;3;23;16;23;90;31;1116;843;89;650;68;34,695;104,086;797,995;555,127;797,995;0
Willian;Fulham;FW,MF;257;35;0;0;3;5;3;4;1;208;178;40;148;11;0,0;0,0;1,051;1,751;1,051;1
Joe Willock;Newcastle Utd;MF,FW;1,086;24;0;2;16;21;16;30;6;363;300;41;325;38;0,0;165,746;1325,967;1740,331;1325,967;1
Callum Wilson;Newcastle Utd;FW;370;32;0;0;4;1;4;2;1;53;40;4;47;5;0,0;0,0;0,973;0,243;0,973;1
Harry Wilson;Fulham;FW,MF;1,162;27;6;1;42;11;42;20;7;445;326;51;342;22;464,716;77,453;3253,012;851,979;3253,012;2
Harry Winks;Leicester City;MF;1,538;28;0;2;2;12;2;24;9;1045;910;101;696;19;0,0;117,035;117,035;702,211;117,035;0
Yoane Wissa;Brentford;FW;2,919;27;19;4;185;26;185;22;8;588;450;67;550;60;585,817;123,33;5704,008;801,644;5704,008;2
Chris Wood;Nott'ham Forest;FW;2,959;32;20;3;134;26;110;6;5;490;315;42;376;14;608,314;91,247;4075,701;790,808;3345,725;2
Nathan Wood-Gordon;Southampton;DF;773;22;0;0;2;0;2;14;5;476;444;17;313;2;0,0;0,0;0,233;0,0;0,233;1
Luke Woolfenden;Ipswich Town;DF;1,187;25;0;0;0;0;0;9;19;562;496;15;368;7;0,0;0,0;0,0;0,0;0,0;1
Yehor Yarmoliuk;Brentford;MF;1,450;20;0;0;6;9;6;49;13;760;661;63;520;15;0,0;0,0;372,414;558,621;372,414;1
Ryan Yates;Nott'ham Forest;MF;1,915;26;2;1;23;12;23;42;26;758;618;53;424;18;93,995;46,997;1080,94;563,969;1080,94;0
Leny Yoro;Manchester Utd;DF;1,165;18;0;0;7;1;7;29;18;766;708;52;614;19;0,0;0,0;540,773;77,253;540,773;1
Ashley Young;Everton;DF;1,875;39;1;3;3;23;3;58;25;999;708;90;487;24;48,0;144,0;144,0;1104,0;144,0;0
Illia Zabarnyi;Bournemouth;DF;3,109;21;0;1;13;7;13;52;41;1710;1404;140;1282;27;0,0;28,948;376,327;202,638;376,327;0
Oleksandr Zinchenko;Arsenal;DF,MF;527;27;0;1;6;2;6;6;5;451;382;48;281;10;0,0;0,171;1,025;0,342;1,025;1
Joshua Zirkzee;Manchester Utd;FW,MF;1,402;23;3;1;48;15;48;14;6;410;292;44;327;14;192,582;64,194;3081,312;962,91;3081,312;1
Martin Ødegaard;Arsenal;MF;2,325;25;3;8;48;54;40;19;6;1499;1237;258;1174;92;116,129;309,677;1858,065;2090,323;1548,387;2
