player;club;position;market_value;pred_value_mil
Joshua Acheampong;Chelsea;DF;;6,05
Tyler Adams;Bournemouth;MF;25,6;18,99
Tosin Adarabioyo;Chelsea;DF;23,6;14,67
Simon Adingra;Brighton;FW,MF;28,1;30,36
Emmanuel Agbadou;Wolves;DF;23,8;14,94
Ola Aina;Nott'ham Forest;DF;24,9;27,91
Rayan Aït-Nouri;Wolves;DF;49,3;58,81
Kristoffer Ajer;Brentford;DF;18,8;17,81
Manuel Akanji;Manchester City;DF;;9,29
Nathan Aké;Manchester City;DF;18,6;3,46
Carlos Alcaraz;Everton;FW,MF;;15,06
Trent Alexander-Arnold;Liverpool;DF;;49,91
Alisson;Liverpool;GK;;7,93
Miguel Almirón;Newcastle Utd;FW;;0,56
Edson Álvarez;West Ham;MF;16,2;16,08
Harry Amass;Manchester Utd;DF;7,7;7,5
Joachim Andersen;Fulham;DF;29,7;12,44
Elliot Anderson;Nott'ham Forest;MF;;45,21
André;Wolves;MF;0,2;27,19
Michail Antonio;West Ham;FW;0,6;2,3
Antony;Manchester Utd;DF,MF;;3,37
Julian Araujo;Bournemouth;DF;;9,97
Cameron Archer;Southampton;FW;15,4;24,06
Alphonse Areola;West Ham;GK;8,8;6,66
Joe Aribo;Southampton;MF,DF;;14,42
Adam Armstrong;Southampton;FW,MF;10,1;13,58
Kepa Arrizabalaga;Bournemouth;GK;;14,77
Marco Asensio;Aston Villa;MF;16,0;9,9
Taiwo Awoniyi;Nott'ham Forest;FW;;9,48
Yasin Ayari;Brighton;MF;;43,16
Jordan Ayew;Leicester City;FW,MF;1,5;4,86
Benoît Badiashile;Chelsea;DF;25,6;3,93
Leon Bailey;Aston Villa;FW,MF;15,4;13,93
Carlos Baleba;Brighton;MF;;47,31
Ross Barkley;Aston Villa;MF;2,4;3,62
Harvey Barnes;Newcastle Utd;FW;39,8;34,87
Calvin Bassey;Fulham;DF;;32,52
Altay Bayındır;Manchester Utd;GK;10,7;4,13
Jan Bednarek;Southampton;DF;8,4;14,32
Armel Bella Kotchap;Southampton;DF;;4,92
Jean-Ricner Bellegarde;Wolves;MF,FW;;20,3
Rodrigo Bentancur;Tottenham;MF;26,3;16,86
Daniel Bentley;Wolves;GK;1,2;0,97
Sander Berge;Fulham;MF;;18,87
Lucas Bergvall;Tottenham;MF;55,2;28,76
Victor Bernth Kristiansen;Leicester City;DF;;32,67
Beto;Everton;FW;0,2;26,42
Philip Billing;Bournemouth;MF;10,3;1,52
Yves Bissouma;Tottenham;MF;18,5;14,88
Lamare Bogarde;Aston Villa;DF,MF;12,3;11,5
Willy Boly;Nott'ham Forest;DF;0,9;0,44
Sven Botman;Newcastle Utd;DF;43,2;12,29
Jarrod Bowen;West Ham;FW,MF;;47,21
Conor Bradley;Liverpool;DF;30,7;15,9
Jarrad Branthwaite;Everton;DF;28,1;30,82
James Bree;Southampton;DF;1,5;13,3
Ben Brereton;Southampton;FW;8,3;7,53
Nathan Broadhead;Ipswich Town;MF,FW;8,9;10,42
Armando Broja;Everton;FW;16,7;4,44
David Brooks;Bournemouth;FW,MF;14,3;19,7
Emi Buendía;Aston Villa;MF,FW;;1,93
Santiago Bueno;Wolves;DF;0,2;15,42
Facundo Buonanotte;Leicester City;FW,MF;;49,36
Cameron Burgess;Ipswich Town;DF;1,6;7,97
Dan Burn;Newcastle Utd;DF;5,1;7,71
Wes Burns;Ipswich Town;FW,DF;1,3;6,82
Moisés Caicedo;Chelsea;MF,DF;114,1;56,89
Moisés Caicedo;Chelsea;MF,DF;114,1;56,89
Tom Cairney;Fulham;MF;1,0;3,11
Tom Cairney;Fulham;MF;1,0;3,11
Jens Cajuste;Ipswich Town;MF;;24,72
Jens Cajuste;Ipswich Town;MF;;24,72
Riccardo Calafiori;Arsenal;DF;50,1;20,14
Riccardo Calafiori;Arsenal;DF;50,1;20,14
Dominic Calvert-Lewin;Everton;FW;;16,99
Dominic Calvert-Lewin;Everton;FW;;16,99
Diego Carlos;Aston Villa;DF;7,2;2,03
Diego Carlos;Aston Villa;DF;7,2;2,03
Fabio Carvalho;Brentford;FW,MF;19,6;18,48
Fabio Carvalho;Brentford;FW,MF;19,6;18,48
Casemiro;Manchester Utd;MF;7,2;5,94
Casemiro;Manchester Utd;MF;7,2;5,94
Matty Cash;Aston Villa;DF;22,8;21,95
Matty Cash;Aston Villa;DF;22,8;21,95
Timothy Castagne;Fulham;DF;14,1;9,38
Timothy Castagne;Fulham;DF;14,1;9,38
Trevoh Chalobah;Crystal Palace;DF;41,7;17,42
Trevoh Chalobah;Crystal Palace;DF;41,7;17,42
Trevoh Chalobah;Chelsea;DF;41,7;16,63
Trevoh Chalobah;Chelsea;DF;41,7;16,63
Conor Chaplin;Ipswich Town;MF,FW;2,3;7,39
Conor Chaplin;Ipswich Town;MF,FW;2,3;7,39
Federico Chiesa;Liverpool;FW;20,2;2,2
Federico Chiesa;Liverpool;FW;20,2;2,2
Ben Chilwell;Crystal Palace;DF;13,5;3,11
Ben Chilwell;Crystal Palace;DF;13,5;3,11
Hamza Choudhury;Leicester City;MF,DF;3,9;2,76
Hamza Choudhury;Leicester City;MF,DF;3,9;2,76
Ryan Christie;Bournemouth;MF;10,4;14,57
Ryan Christie;Bournemouth;MF;10,4;14,57
Harry Clarke;Ipswich Town;DF;;4,13
Harry Clarke;Ipswich Town;DF;;4,13
Jack Clarke;Ipswich Town;FW,MF;16,7;18,32
Jack Clarke;Ipswich Town;FW,MF;16,7;18,32
Nathaniel Clyne;Crystal Palace;DF,MF;;1,41
Nathaniel Clyne;Crystal Palace;DF,MF;;1,41
Conor Coady;Leicester City;DF;1,5;4,75
Conor Coady;Leicester City;DF;1,5;4,75
Séamus Coleman;Everton;DF;0,6;0,3
Séamus Coleman;Everton;DF;0,6;0,3
Nathan Collins;Brentford;DF;;45,95
Nathan Collins;Brentford;DF;;45,95
Toby Collyer;Manchester Utd;MF;5,6;4,83
Toby Collyer;Manchester Utd;MF;5,6;4,83
Levi Colwill;Chelsea;DF;;46,13
Levi Colwill;Chelsea;DF;;46,13
Lewis Cook;Bournemouth;MF,DF;17,6;31,83
Lewis Cook;Bournemouth;MF,DF;17,6;31,83
Vladimír Coufal;West Ham;DF;2,0;3,7
Vladimír Coufal;West Ham;DF;2,0;3,7
Woyo Coulibaly;Leicester City;DF;1,6;2,95
Woyo Coulibaly;Leicester City;DF;1,6;2,95
Aaron Cresswell;West Ham;DF;0,6;2,14
Aaron Cresswell;West Ham;DF;0,6;2,14
Marc Cucurella;Chelsea;DF;;36,65
Marc Cucurella;Chelsea;DF;;36,65
Jorge Cuenca;Fulham;DF;;3,67
Jorge Cuenca;Fulham;DF;;3,67
Matheus Cunha;Wolves;MF,FW;;61,81
Matheus Cunha;Wolves;MF,FW;;61,81
Patson Daka;Leicester City;FW,MF;5,7;8,47
Patson Daka;Leicester City;FW,MF;5,7;8,47
Diogo Dalot;Manchester Utd;DF;;28,67
Diogo Dalot;Manchester Utd;DF;;28,67
Mikkel Damsgaard;Brentford;MF,FW;38,2;48,73
Mikkel Damsgaard;Brentford;MF,FW;38,2;48,73
Danilo;Nott'ham Forest;MF,FW;2,5;3,12
Danilo;Nott'ham Forest;MF,FW;2,5;3,12
Kevin Danso;Tottenham;DF;22,2;8,69
Kevin Danso;Tottenham;DF;22,2;8,69
Ben Davies;Tottenham;DF;3,9;3,5
Ben Davies;Tottenham;DF;3,9;3,5
Leif Davis;Ipswich Town;DF;22,9;44,52
Leif Davis;Ipswich Town;DF;22,9;44,52
Craig Dawson;Wolves;DF;0,5;1,84
Craig Dawson;Wolves;DF;0,5;1,84
Kevin De Bruyne;Manchester City;MF,FW;15,9;11,19
Kevin De Bruyne;Manchester City;MF,FW;15,9;11,19
Bobby De Cordova-Reid;Leicester City;FW;;2,47
Bobby De Cordova-Reid;Leicester City;FW;;2,47
Liam Delap;Ipswich Town;FW;49,4;52,32
Liam Delap;Ipswich Town;FW;49,4;52,32
Sepp van den Berg;Brentford;DF;29,8;33,92
Sepp van den Berg;Brentford;DF;29,8;33,92
Justin Devenny;Crystal Palace;MF;8,9;17,25
Justin Devenny;Crystal Palace;MF;8,9;17,25
Kiernan Dewsbury-Hall;Chelsea;MF,FW;;2,59
Kiernan Dewsbury-Hall;Chelsea;MF,FW;;2,59
Amad Diallo;Manchester Utd;MF,FW;;45,47
Amad Diallo;Manchester Utd;MF,FW;;45,47
Rúben Dias;Manchester City;DF;55,4;17,48
Rúben Dias;Manchester City;DF;55,4;17,48
Luis Díaz;Liverpool;FW;;41,92
Luis Díaz;Liverpool;FW;;41,92
Tyler Dibling;Southampton;FW,MF;;40,65
Tyler Dibling;Southampton;FW,MF;;40,65
Lucas Digne;Aston Villa;DF;13,2;8,46
Lucas Digne;Aston Villa;DF;13,2;8,46
Issa Diop;Fulham;DF;8,8;11,85
Issa Diop;Fulham;DF;8,8;11,85
Axel Disasi;Aston Villa;DF;24,8;8,29
Axel Disasi;Aston Villa;DF;24,8;8,29
Axel Disasi;Chelsea;DF;24,8;4,03
Axel Disasi;Chelsea;DF;24,8;4,03
Matt Doherty;Wolves;DF;2,3;6,09
Matt Doherty;Wolves;DF;2,3;6,09
Jeremy Doku;Manchester City;FW,MF;65,8;35,17
Jeremy Doku;Manchester City;FW,MF;65,8;35,17
Nicolás Domínguez;Nott'ham Forest;MF,FW;;16,13
Nicolás Domínguez;Nott'ham Forest;MF,FW;;16,13
Patrick Dorgu;Manchester Utd;DF;31,3;18,61
Patrick Dorgu;Manchester Utd;DF;31,3;18,61
Abdoulaye Doucouré;Everton;MF;4,7;9,3
Abdoulaye Doucouré;Everton;MF;4,7;9,3
Cheick Doucouré;Crystal Palace;MF;;8,51
Cheick Doucouré;Crystal Palace;MF;;8,51
Flynn Downes;Southampton;MF;5,7;25,17
Flynn Downes;Southampton;MF;5,7;25,17
Tommy Doyle;Wolves;MF;;11,95
Tommy Doyle;Wolves;MF;;11,95
Radu Drăgușin;Tottenham;DF;28,3;19,4
Radu Drăgușin;Tottenham;DF;28,3;19,4
Martin Dúbravka;Newcastle Utd;GK;1,0;2,18
Martin Dúbravka;Newcastle Utd;GK;1,0;2,18
Lewis Dunk;Brighton;DF;3,6;4,41
Lewis Dunk;Brighton;DF;3,6;4,41
Jáder Durán;Aston Villa;FW;;24,08
Jáder Durán;Aston Villa;FW;;24,08
Ederson;Manchester City;GK;0,1;8,28
Ederson;Manchester City;GK;0,1;8,28
Odsonne Édouard;Crystal Palace;MF,FW;8,4;2,21
Odsonne Édouard;Crystal Palace;MF,FW;8,4;2,21
Anthony Elanga;Nott'ham Forest;FW,MF;53,4;47,22
Anthony Elanga;Nott'ham Forest;FW,MF;53,4;47,22
Harvey Elliott;Liverpool;MF;39,2;10,54
Harvey Elliott;Liverpool;MF;39,2;10,54
Julio Enciso;Ipswich Town;MF,FW;;15,73
Julio Enciso;Ipswich Town;MF,FW;;15,73
Julio Enciso;Brighton;MF,FW;;7,51
Julio Enciso;Brighton;MF,FW;;7,51
Wataru Endo;Liverpool;MF,DF;7,1;0,78
Wataru Endo;Liverpool;MF,DF;7,1;0,78
Christian Eriksen;Manchester Utd;MF;1,9;7,11
Christian Eriksen;Manchester Utd;MF;1,9;7,11
Romain Esse;Crystal Palace;MF;16,4;6,48
Romain Esse;Crystal Palace;MF;16,4;6,48
Pervis Estupiñán;Brighton;DF;;26,24
Pervis Estupiñán;Brighton;DF;;26,24
Evanilson;Bournemouth;FW;;44,38
Evanilson;Bournemouth;FW;;44,38
Jonny Evans;Manchester Utd;DF;;0,28
Jonny Evans;Manchester Utd;DF;;0,28
Eberechi Eze;Crystal Palace;MF,FW;73,7;46,1
Eberechi Eze;Crystal Palace;MF,FW;73,7;46,1
Łukasz Fabiański;West Ham;GK;0,8;1,22
Łukasz Fabiański;West Ham;GK;0,8;1,22
Wout Faes;Leicester City;DF;13,3;23,2
Wout Faes;Leicester City;DF;13,3;23,2
Abdul Fatawu Issahaku;Leicester City;FW;21,3;15,76
Abdul Fatawu Issahaku;Leicester City;FW;21,3;15,76
João Félix;Chelsea;FW,MF;15,1;9,52
João Félix;Chelsea;FW,MF;15,1;9,52
Evan Ferguson;West Ham;FW;19,8;4,39
Evan Ferguson;West Ham;FW;19,8;4,39
Evan Ferguson;Brighton;FW;19,8;5,45
Evan Ferguson;Brighton;FW;19,8;5,45
Bruno Fernandes;Manchester Utd;MF;35,7;35,89
Bruno Fernandes;Manchester Utd;MF;35,7;35,89
Mateus Fernandes;Southampton;MF;;53,71
Mateus Fernandes;Southampton;MF;;53,71
Enzo Fernández;Chelsea;MF;0,2;67,56
Enzo Fernández;Chelsea;MF;0,2;67,56
Mark Flekken;Brentford;GK;12,1;10,19
Mark Flekken;Brentford;GK;12,1;10,19
Phil Foden;Manchester City;MF,FW;73,8;45,19
Phil Foden;Manchester City;MF,FW;73,8;45,19
Wesley Fofana;Chelsea;DF;27,5;17,44
Wesley Fofana;Chelsea;DF;27,5;17,44
Carlos Forbs;Wolves;MF,FW;12,4;4,03
Carlos Forbs;Wolves;MF,FW;12,4;4,03
Fraser Forster;Tottenham;GK;0,2;1,11
Fraser Forster;Tottenham;GK;0,2;1,11
Ryan Fraser;Southampton;FW,DF;1,1;0,7
Ryan Fraser;Southampton;FW,DF;1,1;0,7
Tyler Fredricson;Manchester Utd;DF;5,6;5,39
Tyler Fredricson;Manchester Utd;DF;5,6;5,39
Niclas Füllkrug;West Ham;FW;11,0;4,0
Niclas Füllkrug;West Ham;FW;11,0;4,0
Cody Gakpo;Liverpool;FW;73,8;39,38
Cody Gakpo;Liverpool;FW;73,8;39,38
Idrissa Gana Gueye;Everton;MF;;5,41
Idrissa Gana Gueye;Everton;MF;;5,41
Andrés García;Aston Villa;DF,MF;;5,43
Andrés García;Aston Villa;DF,MF;;5,43
Alejandro Garnacho;Manchester Utd;MF,FW;;61,59
Alejandro Garnacho;Manchester Utd;MF,FW;;61,59
James Garner;Everton;MF,DF;20,7;22,37
James Garner;Everton;MF,DF;20,7;22,37
Tyrique George;Chelsea;FW;24,4;6,05
Tyrique George;Chelsea;FW;24,4;6,05
Morgan Gibbs-White;Nott'ham Forest;MF;;51,24
Morgan Gibbs-White;Nott'ham Forest;MF;;51,24
Billy Gilmour;Brighton;MF;23,2;3,58
Billy Gilmour;Brighton;MF;23,2;3,58
Ben Godfrey;Ipswich Town;DF;2,2;2,79
Ben Godfrey;Ipswich Town;DF;2,2;2,79
João Gomes;Wolves;MF;;39,76
João Gomes;Wolves;MF;;39,76
Rodrigo Gomes;Wolves;DF,FW;;15,38
Rodrigo Gomes;Wolves;DF,FW;;15,38
Toti Gomes;Wolves;DF;;23,73
Toti Gomes;Wolves;DF;;23,73
Diego Gómez;Brighton;MF;;18,34
Diego Gómez;Brighton;MF;;18,34
Joe Gomez;Liverpool;DF;16,7;6,51
Joe Gomez;Liverpool;DF;16,7;6,51
Nicolás González;Manchester City;MF;22,5;13,48
Nicolás González;Manchester City;MF;22,5;13,48
Anthony Gordon;Newcastle Utd;FW,MF;47,2;49,05
Anthony Gordon;Newcastle Utd;FW,MF;47,2;49,05
Ryan Gravenberch;Liverpool;MF;;44,91
Ryan Gravenberch;Liverpool;MF;;44,91
Archie Gray;Tottenham;DF,MF;52,8;30,5
Archie Gray;Tottenham;DF,MF;52,8;30,5
Jack Grealish;Manchester City;FW,MF;29,7;7,42
Jack Grealish;Manchester City;FW,MF;29,7;7,42
Jacob Greaves;Ipswich Town;DF;19,7;26,64
Jacob Greaves;Ipswich Town;DF;19,7;26,64
Brajan Gruda;Brighton;MF,FW;38,7;17,27
Brajan Gruda;Brighton;MF,FW;38,7;17,27
Albert Grønbaek;Southampton;FW,MF;;2,96
Albert Grønbaek;Southampton;FW,MF;;2,96
Gonçalo Guedes;Wolves;MF,FW;7,3;11,52
Gonçalo Guedes;Wolves;MF,FW;7,3;11,52
Marc Guéhi;Crystal Palace;DF;45,2;41,26
Marc Guéhi;Crystal Palace;DF;45,2;41,26
Luis Guilherme;West Ham;MF,FW;;4,91
Luis Guilherme;West Ham;MF,FW;;4,91
Bruno Guimarães;Newcastle Utd;MF;;50,12
Bruno Guimarães;Newcastle Utd;MF;;50,12
İlkay Gündoğan;Manchester City;MF;2,7;5,89
İlkay Gündoğan;Manchester City;MF;2,7;5,89
Malo Gusto;Chelsea;DF;32,1;29,48
Malo Gusto;Chelsea;DF;32,1;29,48
Joško Gvardiol;Manchester City;DF;82,2;57,48
Joško Gvardiol;Manchester City;DF;82,2;57,48
Erling Haaland;Manchester City;FW;;97,26
Erling Haaland;Manchester City;FW;;97,26
Lewis Hall;Newcastle Utd;DF;36,8;48,82
Lewis Hall;Newcastle Utd;DF;36,8;48,82
Ali Al Hamadi;Ipswich Town;FW;;3,32
Ali Al Hamadi;Ipswich Town;FW;;3,32
Jack Harrison;Everton;FW;16,1;23,79
Jack Harrison;Everton;FW;16,1;23,79
Taylor Harwood-Bellis;Southampton;DF;24,6;37,12
Taylor Harwood-Bellis;Southampton;DF;24,6;37,12
Kai Havertz;Arsenal;FW,MF;62,2;32,77
Kai Havertz;Arsenal;FW,MF;62,2;32,77
Ayden Heaven;Manchester Utd;DF;15,7;6,78
Ayden Heaven;Manchester Utd;DF;15,7;6,78
Jan Paul van Hecke;Brighton;DF;38,3;35,23
Jan Paul van Hecke;Brighton;DF;38,3;35,23
Hwang Hee-chan;Wolves;MF,FW;;4,16
Hwang Hee-chan;Wolves;MF,FW;;4,16
Dean Henderson;Crystal Palace;GK;28,7;32,91
Dean Henderson;Crystal Palace;GK;28,7;32,91
Rico Henry;Brentford;DF;14,4;2,41
Rico Henry;Brentford;DF;14,4;2,41
Mads Hermansen;Leicester City;GK;21,6;29,46
Mads Hermansen;Leicester City;GK;21,6;29,46
Son Heung-min;Tottenham;FW;;12,69
Son Heung-min;Tottenham;FW;;12,69
James Hill;Bournemouth;DF;7,6;9,77
James Hill;Bournemouth;DF;7,6;9,77
Jack Hinshelwood;Brighton;MF,DF;9,2;44,37
Jack Hinshelwood;Brighton;MF,DF;9,2;44,37
George Hirst;Ipswich Town;FW;6,8;9,45
George Hirst;Ipswich Town;FW;6,8;9,45
Callum Hudson-Odoi;Nott'ham Forest;FW,MF;;32,19
Callum Hudson-Odoi;Nott'ham Forest;FW,MF;;32,19
Will Hughes;Crystal Palace;MF;9,7;12,16
Will Hughes;Crystal Palace;MF;9,7;12,16
Dean Huijsen;Bournemouth;DF;74,9;53,15
Dean Huijsen;Bournemouth;DF;74,9;53,15
Omari Hutchinson;Ipswich Town;MF,FW;26,3;46,49
Omari Hutchinson;Ipswich Town;MF,FW;26,3;46,49
Rasmus Højlund;Manchester Utd;FW;;36,69
Rasmus Højlund;Manchester Utd;FW;;36,69
Igor;Brighton;DF;0,1;11,39
Igor;Brighton;DF;0,1;11,39
Danny Ings;West Ham;FW,MF;;2,74
Danny Ings;West Ham;FW,MF;;2,74
Tim Iroegbunam;Everton;MF;12,2;9,81
Tim Iroegbunam;Everton;MF;12,2;9,81
Andy Irving;West Ham;MF;;3,41
Andy Irving;West Ham;MF;;3,41
Alexander Isak;Newcastle Utd;FW;132,1;97,07
Alexander Isak;Newcastle Utd;FW;132,1;97,07
Alex Iwobi;Fulham;FW,MF;34,1;27,44
Alex Iwobi;Fulham;FW,MF;34,1;27,44
Nicolas Jackson;Chelsea;FW;53,5;55,7
Nicolas Jackson;Chelsea;FW;53,5;55,7
Reece James;Chelsea;DF,MF;0,2;18,3
Reece James;Chelsea;DF,MF;0,2;18,3
Vitaly Janelt;Brentford;MF;18,6;25,54
Vitaly Janelt;Brentford;MF;18,6;25,54
Daniel Jebbison;Bournemouth;FW;5,5;4,25
Daniel Jebbison;Bournemouth;FW;5,5;4,25
Mathias Jensen;Brentford;MF;12,3;6,13
Mathias Jensen;Brentford;MF;12,3;6,13
Gabriel Jesus;Arsenal;FW;20,6;12,06
Gabriel Jesus;Arsenal;FW;20,6;12,06
Raúl Jiménez;Fulham;FW;4,6;9,65
Raúl Jiménez;Fulham;FW;4,6;9,65
João Pedro;Brighton;FW,MF;1,2;54,74
João Pedro;Brighton;FW,MF;1,2;54,74
Joelinton;Newcastle Utd;MF,FW;;21,93
Joelinton;Newcastle Utd;MF,FW;;21,93
Ben Johnson;Ipswich Town;DF,FW;;17,11
Ben Johnson;Ipswich Town;DF,FW;;17,11
Brennan Johnson;Tottenham;FW;49,4;41,84
Brennan Johnson;Tottenham;FW;49,4;41,84
Sam Johnstone;Wolves;GK;6,0;2,41
Sam Johnstone;Wolves;GK;6,0;2,41
Curtis Jones;Liverpool;MF,DF;50,1;25,53
Curtis Jones;Liverpool;MF,DF;50,1;25,53
Jorginho;Arsenal;MF;2,6;1,85
Jorginho;Arsenal;MF;2,6;1,85
Diogo Jota;Liverpool;FW;49,8;23,93
Diogo Jota;Liverpool;FW;49,8;23,93
James Justin;Leicester City;DF;16,8;29,13
James Justin;Leicester City;DF;16,8;29,13
Filip Jørgensen;Chelsea;GK;22,6;12,94
Filip Jørgensen;Chelsea;GK;22,6;12,94
Ferdi Kadioglu;Brighton;DF,MF;;5,43
Ferdi Kadioglu;Brighton;DF,MF;;5,43
Daichi Kamada;Crystal Palace;MF;11,3;18,13
Daichi Kamada;Crystal Palace;MF;11,3;18,13
Boubacar Kamara;Aston Villa;MF;50,3;24,47
Boubacar Kamara;Aston Villa;MF;50,3;24,47
Michael Kayode;Brentford;DF;;18,25
Michael Kayode;Brentford;DF;;18,25
Michael Keane;Everton;DF;3,2;3,68
Michael Keane;Everton;DF;3,2;3,68
Caoimhín Kelleher;Liverpool;GK;24,9;15,7
Caoimhín Kelleher;Liverpool;GK;24,9;15,7
Lloyd Kelly;Newcastle Utd;DF;19,4;4,35
Lloyd Kelly;Newcastle Utd;DF;19,4;4,35
Milos Kerkez;Bournemouth;DF;68,7;67,01
Milos Kerkez;Bournemouth;DF;68,7;67,01
Bilal El Khannouss;Leicester City;MF,FW;;47,51
Bilal El Khannouss;Leicester City;MF,FW;;47,51
Abdukodir Khusanov;Manchester City;DF;;11,59
Abdukodir Khusanov;Manchester City;DF;;11,59
Max Kilman;West Ham;DF;;27,03
Max Kilman;West Ham;DF;;27,03
Joshua King;Fulham;MF;16,1;6,68
Joshua King;Fulham;MF;16,1;6,68
Antonín Kinský;Tottenham;GK;16,9;14,09
Antonín Kinský;Tottenham;GK;16,9;14,09
Jakub Kiwior;Arsenal;DF;;17,79
Jakub Kiwior;Arsenal;DF;;17,79
Justin Kluivert;Bournemouth;MF;43,3;53,03
Justin Kluivert;Bournemouth;MF;43,3;53,03
Ibrahima Konaté;Liverpool;DF;41,3;24,13
Ibrahima Konaté;Liverpool;DF;41,3;24,13
Ezri Konsa;Aston Villa;DF;;29,18
Ezri Konsa;Aston Villa;DF;;29,18
Mateo Kovačić;Manchester City;MF;15,6;10,87
Mateo Kovačić;Manchester City;MF;15,6;10,87
Emil Krafth;Newcastle Utd;DF;1,5;1,57
Emil Krafth;Newcastle Utd;DF;1,5;1,57
Mohammed Kudus;West Ham;FW,MF;63,9;40,73
Mohammed Kudus;West Ham;FW,MF;63,9;40,73
Dejan Kulusevski;Tottenham;MF,FW;57,7;48,38
Dejan Kulusevski;Tottenham;MF,FW;57,7;48,38
Maxence Lacroix;Crystal Palace;DF;43,9;35,44
Maxence Lacroix;Crystal Palace;DF;43,9;35,44
Adam Lallana;Southampton;MF;;0,42
Adam Lallana;Southampton;MF;;0,42
Tariq Lamptey;Brighton;DF;11,6;12,24
Tariq Lamptey;Brighton;DF;11,6;12,24
Roméo Lavia;Chelsea;MF;44,9;14,65
Roméo Lavia;Chelsea;MF;44,9;14,65
Mario Lemina;Wolves;MF,DF;2,4;4,99
Mario Lemina;Wolves;MF,DF;2,4;4,99
Bernd Leno;Fulham;GK;13,5;9,42
Bernd Leno;Fulham;GK;13,5;9,42
Jefferson Lerma;Crystal Palace;MF,DF;7,2;11,13
Jefferson Lerma;Crystal Palace;MF,DF;7,2;11,13
Rico Lewis;Manchester City;DF,MF;55,9;32,37
Rico Lewis;Manchester City;DF,MF;55,9;32,37
Keane Lewis-Potter;Brentford;DF,FW;;36,09
Keane Lewis-Potter;Brentford;DF,FW;;36,09
Myles Lewis-Skelly;Arsenal;DF;;38,25
Myles Lewis-Skelly;Arsenal;DF;;38,25
Matthijs de Ligt;Manchester Utd;DF;47,2;25,78
Matthijs de Ligt;Manchester Utd;DF;47,2;25,78
Victor Lindelöf;Manchester Utd;DF;7,2;2,08
Victor Lindelöf;Manchester Utd;DF;7,2;2,08
Jesper Lindstrøm;Everton;FW;;21,35
Jesper Lindstrøm;Everton;FW;;21,35
Valentino Livramento;Newcastle Utd;DF;55,5;41,23
Valentino Livramento;Newcastle Utd;DF;55,5;41,23
Sean Longstaff;Newcastle Utd;MF;18,3;8,51
Sean Longstaff;Newcastle Utd;MF;18,3;8,51
Saša Lukić;Fulham;MF;14,4;22,17
Saša Lukić;Fulham;MF;14,4;22,17
Joe Lumley;Southampton;GK;0,5;1,95
Joe Lumley;Southampton;GK;0,5;1,95
Massimo Luongo;Ipswich Town;MF;0,3;0,65
Massimo Luongo;Ipswich Town;MF;0,3;0,65
Ian Maatsen;Aston Villa;DF;23,8;32,95
Ian Maatsen;Aston Villa;DF;23,8;32,95
Alexis Mac Allister;Liverpool;MF;117,0;42,03
Alexis Mac Allister;Liverpool;MF;117,0;42,03
James Maddison;Tottenham;MF;45,5;31,61
James Maddison;Tottenham;MF;45,5;31,61
Noni Madueke;Chelsea;FW;;56,6
Noni Madueke;Chelsea;FW;;56,6
Gabriel Magalhães;Arsenal;DF;59,3;24,3
Gabriel Magalhães;Arsenal;DF;59,3;24,3
Edmond-Paris Maghoma;Brentford;MF,FW;;2,93
Edmond-Paris Maghoma;Brentford;MF,FW;;2,93
Harry Maguire;Manchester Utd;DF;12,9;4,9
Harry Maguire;Manchester Utd;DF;12,9;4,9
Kobbie Mainoo;Manchester Utd;MF;62,7;35,43
Kobbie Mainoo;Manchester Utd;MF;62,7;35,43
Tyrell Malacia;Manchester Utd;DF;6,3;3,32
Tyrell Malacia;Manchester Utd;DF;6,3;3,32
Donyell Malen;Aston Villa;FW;18,9;6,93
Donyell Malen;Aston Villa;FW;18,9;6,93
Orel Mangala;Everton;MF;16,2;16,54
Orel Mangala;Everton;MF;16,2;16,54
Ryan Manning;Southampton;DF,MF;2,1;13,45
Ryan Manning;Southampton;DF,MF;2,1;13,45
Solly March;Brighton;FW,MF;;0,56
Solly March;Brighton;FW,MF;;0,56
Omar Marmoush;Manchester City;FW,MF;;38,1
Omar Marmoush;Manchester City;FW,MF;;38,1
Gabriel Martinelli;Arsenal;FW,MF;44,1;48,57
Gabriel Martinelli;Arsenal;FW,MF;44,1;48,57
Emiliano Martínez;Aston Villa;GK;16,0;10,22
Emiliano Martínez;Aston Villa;GK;16,0;10,22
Lisandro Martínez;Manchester Utd;DF;37,1;20,9
Lisandro Martínez;Manchester Utd;DF;37,1;20,9
Pape Matar Sarr;Tottenham;MF;45,2;36,12
Pape Matar Sarr;Tottenham;MF;45,2;36,12
Jean-Philippe Mateta;Crystal Palace;FW;;40,76
Jean-Philippe Mateta;Crystal Palace;FW;;40,76
Stephy Mavididi;Leicester City;FW;10,2;22,03
Stephy Mavididi;Leicester City;FW;10,2;22,03
Konstantinos Mavropanos;West Ham;DF;18,1;18,69
Konstantinos Mavropanos;West Ham;DF;18,1;18,69
Noussair Mazraoui;Manchester Utd;DF;28,4;25,29
Noussair Mazraoui;Manchester Utd;DF;28,4;25,29
Bryan Mbeumo;Brentford;FW;64,9;93,01
Bryan Mbeumo;Brentford;FW;64,9;93,01
James Mcatee;Manchester City;MF,FW;25,6;12,74
James Mcatee;Manchester City;MF,FW;25,6;12,74
Kasey McAteer;Leicester City;FW;10,9;12,3
Kasey McAteer;Leicester City;FW;10,9;12,3
Alex McCarthy;Southampton;GK;0,3;1,41
Alex McCarthy;Southampton;GK;0,3;1,41
John McGinn;Aston Villa;MF,FW;19,2;11,62
John McGinn;Aston Villa;MF,FW;19,2;11,62
Dwight McNeil;Everton;MF,FW;21,0;31,75
Dwight McNeil;Everton;MF,FW;21,0;31,75
Ben Mee;Brentford;DF;0,3;0,37
Ben Mee;Brentford;DF;0,3;0,37
Mikel Merino;Arsenal;MF,FW;40,5;13,36
Mikel Merino;Arsenal;MF,FW;40,5;13,36
Nikola Milenković;Nott'ham Forest;DF;45,9;38,53
Nikola Milenković;Nott'ham Forest;DF;45,9;38,53
Lewis Miley;Newcastle Utd;MF;28,5;8,4
Lewis Miley;Newcastle Utd;MF;28,5;8,4
James Milner;Brighton;MF;;0,2
James Milner;Brighton;MF;;0,2
Tyrone Mings;Aston Villa;DF;4,0;3,44
Tyrone Mings;Aston Villa;DF;4,0;3,44
Yankuba Minteh;Brighton;FW,MF;55,0;55,29
Yankuba Minteh;Brighton;FW,MF;55,0;55,29
Tyrick Mitchell;Crystal Palace;DF;28,0;48,48
Tyrick Mitchell;Crystal Palace;DF;28,0;48,48
Kaoru Mitoma;Brighton;FW,MF;36,9;36,52
Kaoru Mitoma;Brighton;FW,MF;36,9;36,52
Jeremy Monga;Leicester City;FW,MF;9,4;6,82
Jeremy Monga;Leicester City;FW,MF;9,4;6,82
Mikey Moore;Tottenham;FW;16,0;6,93
Mikey Moore;Tottenham;FW;16,0;6,93
Morato;Nott'ham Forest;DF;0,1;14,09
Morato;Nott'ham Forest;DF;0,1;14,09
Álex Moreno;Nott'ham Forest;DF,MF;2,1;3,95
Álex Moreno;Nott'ham Forest;DF,MF;2,1;3,95
Sam Morsy;Ipswich Town;MF;;7,12
Sam Morsy;Ipswich Town;MF;;7,12
Yerson Mosquera;Wolves;DF;;9,51
Yerson Mosquera;Wolves;DF;;9,51
Mason Mount;Manchester Utd;MF;35,7;17,09
Mason Mount;Manchester Utd;MF;35,7;17,09
Mykhailo Mudryk;Chelsea;FW;;2,97
Mykhailo Mudryk;Chelsea;FW;;2,97
Marshall Munetsi;Wolves;MF,FW;;10,93
Marshall Munetsi;Wolves;MF,FW;;10,93
Rodrigo Muniz;Fulham;FW;;27,24
Rodrigo Muniz;Fulham;FW;;27,24
Daniel Muñoz;Crystal Palace;DF;;28,41
Daniel Muñoz;Crystal Palace;DF;;28,41
Arijanet Muric;Ipswich Town;GK;4,9;19,71
Arijanet Muric;Ipswich Town;GK;4,9;19,71
Murillo;Nott'ham Forest;DF;;49,32
Murillo;Nott'ham Forest;DF;;49,32
Jacob Murphy;Newcastle Utd;FW;13,7;24,8
Jacob Murphy;Newcastle Utd;FW;13,7;24,8
Vitaliy Mykolenko;Everton;DF;30,4;37,39
Vitaliy Mykolenko;Everton;DF;30,4;37,39
Iliman Ndiaye;Everton;FW;43,2;36,87
Iliman Ndiaye;Everton;FW;43,2;36,87
Wilfred Ndidi;Leicester City;MF;12,8;19,16
Wilfred Ndidi;Leicester City;MF;12,8;19,16
Kosta Nedeljković;Aston Villa;DF;13,9;5,95
Kosta Nedeljković;Aston Villa;DF;13,9;5,95
Reiss Nelson;Fulham;FW;16,4;12,68
Reiss Nelson;Fulham;FW;16,4;12,68
Neto;Bournemouth;GK;0,8;0,51
Neto;Bournemouth;GK;0,8;0,51
Pedro Neto;Chelsea;FW;62,7;42,55
Pedro Neto;Chelsea;FW;62,7;42,55
Eddie Nketiah;Crystal Palace;FW,MF;21,4;26,62
Eddie Nketiah;Crystal Palace;FW,MF;21,4;26,62
Christopher Nkunku;Chelsea;FW;36,1;24,02
Christopher Nkunku;Chelsea;FW;36,1;24,02
Matheus Nunes;Manchester City;DF,MF;;27,78
Matheus Nunes;Manchester City;DF,MF;;27,78
Darwin Núñez;Liverpool;FW;;22,77
Darwin Núñez;Liverpool;FW;;22,77
Ethan Nwaneri;Arsenal;FW,MF;;22,37
Ethan Nwaneri;Arsenal;FW,MF;;22,37
Christian Nørgaard;Brentford;MF;10,7;9,77
Christian Nørgaard;Brentford;MF;10,7;9,77
Jake O'Brien;Everton;DF;23,3;23,87
Jake O'Brien;Everton;DF;23,3;23,87
Matt O'Riley;Brighton;MF;;35,01
Matt O'Riley;Brighton;MF;;35,01
Dara O'Shea;Ipswich Town;DF;18,0;27,5
Dara O'Shea;Ipswich Town;DF;18,0;27,5
Chidozie Obi-Martin;Manchester Utd;FW;;6,21
Chidozie Obi-Martin;Manchester Utd;FW;;6,21
Wilson Odobert;Tottenham;FW,MF;27,8;19,5
Wilson Odobert;Tottenham;FW,MF;27,8;19,5
Chiedozie Ogbene;Ipswich Town;FW;6,1;2,05
Chiedozie Ogbene;Ipswich Town;FW;6,1;2,05
Caleb Okoli;Leicester City;DF;;18,55
Caleb Okoli;Leicester City;DF;;18,55
Robin Olsen;Aston Villa;GK;0,3;0,62
Robin Olsen;Aston Villa;GK;0,3;0,62
Amadou Onana;Aston Villa;MF;48,7;30,13
Amadou Onana;Aston Villa;MF;48,7;30,13
André Onana;Manchester Utd;GK;22,2;18,63
André Onana;Manchester Utd;GK;22,2;18,63
Paul Onuachu;Southampton;FW;4,3;4,57
Paul Onuachu;Southampton;FW;4,3;4,57
Stefan Ortega;Manchester City;GK;;4,14
Stefan Ortega;Manchester City;GK;;4,14
William Osula;Newcastle Utd;FW;;4,65
William Osula;Newcastle Utd;FW;;4,65
Dango Ouattara;Bournemouth;FW;;60,91
Dango Ouattara;Bournemouth;FW;;60,91
Nico O’Reilly;Manchester City;DF;32,1;22,13
Nico O’Reilly;Manchester City;DF;32,1;22,13
Alex Palmer;Ipswich Town;GK;1,2;14,07
Alex Palmer;Ipswich Town;GK;1,2;14,07
Cole Palmer;Chelsea;MF,FW;111,0;130,0
Cole Palmer;Chelsea;MF,FW;111,0;130,0
Emerson Palmieri;West Ham;DF;;12,03
Emerson Palmieri;West Ham;DF;;12,03
Lucas Paquetá;West Ham;MF,FW;62,5;30,46
Lucas Paquetá;West Ham;MF,FW;62,5;30,46
Thomas Partey;Arsenal;MF,DF;4,1;9,71
Thomas Partey;Arsenal;MF,DF;4,1;9,71
Nathan Patterson;Everton;DF;16,6;4,81
Nathan Patterson;Everton;DF;16,6;4,81
Andreas Pereira;Fulham;MF;17,8;18,68
Andreas Pereira;Fulham;MF;17,8;18,68
Ricardo Pereira;Leicester City;DF;1,8;0,88
Ricardo Pereira;Leicester City;DF;1,8;0,88
Kalvin Phillips;Ipswich Town;MF;11,8;7,3
Kalvin Phillips;Ipswich Town;MF;11,8;7,3
Jaden Philogene Bidace;Aston Villa;FW,MF;;5,59
Jaden Philogene Bidace;Aston Villa;FW,MF;;5,59
Jaden Philogene Bidace;Ipswich Town;FW,DF;;14,06
Jaden Philogene Bidace;Ipswich Town;FW,DF;;14,06
Jordan Pickford;Everton;GK;15,6;12,23
Jordan Pickford;Everton;GK;15,6;12,23
Ethan Pinnock;Brentford;DF;6,5;6,48
Ethan Pinnock;Brentford;DF;6,5;6,48
Nick Pope;Newcastle Utd;GK;6,1;6,56
Nick Pope;Newcastle Utd;GK;6,1;6,56
Pedro Porro;Tottenham;DF;;44,51
Pedro Porro;Tottenham;DF;;44,51
Jarell Quansah;Liverpool;DF;40,8;10,56
Jarell Quansah;Liverpool;DF;40,8;10,56
Aaron Ramsdale;Southampton;GK;18,6;27,61
Aaron Ramsdale;Southampton;GK;18,6;27,61
Jacob Ramsey;Aston Villa;FW,MF;45,8;20,88
Jacob Ramsey;Aston Villa;FW,MF;45,8;20,88
Marcus Rashford;Manchester Utd;FW,MF;52,2;20,26
Marcus Rashford;Manchester Utd;FW,MF;52,2;20,26
Marcus Rashford;Aston Villa;FW;52,2;29,49
Marcus Rashford;Aston Villa;FW;52,2;29,49
David Raya;Arsenal;GK;;20,99
David Raya;Arsenal;GK;;20,99
Harrison Reed;Fulham;MF;5,0;1,29
Harrison Reed;Fulham;MF;5,0;1,29
Sergio Reguilón;Tottenham;DF;2,1;2,51
Sergio Reguilón;Tottenham;DF;2,1;2,51
Declan Rice;Arsenal;MF;114,8;48,38
Declan Rice;Arsenal;MF;114,8;48,38
Chris Richards;Crystal Palace;DF;15,8;22,06
Chris Richards;Crystal Palace;DF;15,8;22,06
Richarlison;Tottenham;FW;19,3;14,19
Richarlison;Tottenham;FW;19,3;14,19
Andrew Robertson;Liverpool;DF;14,0;10,73
Andrew Robertson;Liverpool;DF;14,0;10,73
Antonee Robinson;Fulham;DF;40,9;30,64
Antonee Robinson;Fulham;DF;40,9;30,64
Jay Robinson;Southampton;MF,FW;8,9;5,48
Jay Robinson;Southampton;MF,FW;8,9;5,48
Guido Rodríguez;West Ham;MF;7,2;3,38
Guido Rodríguez;West Ham;MF;7,2;3,38
Mads Roerslev;Brentford;DF;;23,01
Mads Roerslev;Brentford;DF;;23,01
Morgan Rogers;Aston Villa;FW,MF;66,2;74,05
Morgan Rogers;Aston Villa;FW,MF;66,2;74,05
Cristian Romero;Tottenham;DF;;16,48
Cristian Romero;Tottenham;DF;;16,48
Georginio Rutter;Brighton;MF,FW;41,3;32,16
Georginio Rutter;Brighton;MF,FW;41,3;32,16
José Sá;Wolves;GK;7,6;7,88
José Sá;Wolves;GK;7,6;7,88
Bukayo Saka;Arsenal;FW,MF;97,5;77,34
Bukayo Saka;Arsenal;FW,MF;97,5;77,34
Mohamed Salah;Liverpool;FW;40,1;54,83
Mohamed Salah;Liverpool;FW;40,1;54,83
William Saliba;Arsenal;DF;77,2;39,14
William Saliba;Arsenal;DF;77,2;39,14
Robert Sánchez;Chelsea;GK;;29,83
Robert Sánchez;Chelsea;GK;;29,83
Jadon Sancho;Chelsea;FW;20,8;29,08
Jadon Sancho;Chelsea;FW;20,8;29,08
Ibrahim Sangaré;Nott'ham Forest;MF;0,2;6,87
Ibrahim Sangaré;Nott'ham Forest;MF;0,2;6,87
Pablo Sarabia;Wolves;MF,FW;3,4;3,42
Pablo Sarabia;Wolves;MF,FW;3,4;3,42
Ismaila Sarr;Crystal Palace;MF;38,4;74,91
Ismaila Sarr;Crystal Palace;MF;38,4;74,91
Sávio;Manchester City;FW,MF;0,2;57,33
Sávio;Manchester City;FW,MF;0,2;57,33
Oliver Scarles;West Ham;DF,FW;13,2;12,74
Oliver Scarles;West Ham;DF,FW;13,2;12,74
Kevin Schade;Brentford;FW;39,0;55,78
Kevin Schade;Brentford;FW;39,0;55,78
Fabian Schär;Newcastle Utd;DF;5,4;7,71
Fabian Schär;Newcastle Utd;DF;5,4;7,71
Jeffrey Schlupp;Crystal Palace;MF,DF;1,4;0,62
Jeffrey Schlupp;Crystal Palace;MF,DF;1,4;0,62
Alex Scott;Bournemouth;MF;28,2;18,75
Alex Scott;Bournemouth;MF;28,2;18,75
Matz Sels;Nott'ham Forest;GK;7,5;9,82
Matz Sels;Nott'ham Forest;GK;7,5;9,82
Nélson Semedo;Wolves;DF;;9,01
Nélson Semedo;Wolves;DF;;9,01
Antoine Semenyo;Bournemouth;FW;51,1;61,21
Antoine Semenyo;Bournemouth;FW;51,1;61,21
Marcos Senesi;Bournemouth;DF;;11,63
Marcos Senesi;Bournemouth;DF;;11,63
Ryan Sessegnon;Fulham;FW,DF;;11,56
Ryan Sessegnon;Fulham;FW,DF;;11,56
Luke Shaw;Manchester Utd;DF;12,7;2,69
Luke Shaw;Manchester Utd;DF;12,7;2,69
Bernardo Silva;Manchester City;MF,FW;29,4;17,43
Bernardo Silva;Manchester City;MF,FW;29,4;17,43
Jota Silva;Nott'ham Forest;FW,MF;;25,24
Jota Silva;Nott'ham Forest;FW,MF;;25,24
Jahmai Simpson-Pusey;Manchester City;DF;;5,88
Jahmai Simpson-Pusey;Manchester City;DF;;5,88
Luis Sinisterra;Bournemouth;FW,MF;10,7;2,84
Luis Sinisterra;Bournemouth;FW,MF;10,7;2,84
Oliver Skipp;Leicester City;MF;9,2;16,82
Oliver Skipp;Leicester City;MF;9,2;16,82
William Smallbone;Southampton;MF;;14,22
William Smallbone;Southampton;MF;;14,22
Adam Smith;Bournemouth;DF;0,9;3,1
Adam Smith;Bournemouth;DF;0,9;3,1
Emile Smith Rowe;Fulham;MF;35,8;32,03
Emile Smith Rowe;Fulham;MF;35,8;32,03
Dominic Solanke;Tottenham;FW;46,6;35,91
Dominic Solanke;Tottenham;FW;46,6;35,91
Carlos Soler;West Ham;MF,FW;12,7;13,52
Carlos Soler;West Ham;MF,FW;12,7;13,52
Ramón Sosa;Nott'ham Forest;FW,MF;;7,11
Ramón Sosa;Nott'ham Forest;FW,MF;;7,11
Tomáš Souček;West Ham;MF;13,5;18,06
Tomáš Souček;West Ham;MF;13,5;18,06
Boubakary Soumaré;Leicester City;MF;8,7;19,34
Boubakary Soumaré;Leicester City;MF;8,7;19,34
Djed Spence;Tottenham;DF;37,7;27,97
Djed Spence;Tottenham;DF;37,7;27,97
Jason Steele;Brighton;GK;0,7;0,71
Jason Steele;Brighton;GK;0,7;0,71
Jack Stephens;Southampton;DF;1,2;5,07
Jack Stephens;Southampton;DF;1,2;5,07
Raheem Sterling;Arsenal;FW,MF;7,0;3,21
Raheem Sterling;Arsenal;FW,MF;7,0;3,21
Ross Stewart;Southampton;FW;0,05;1,99
Ross Stewart;Southampton;FW;0,05;1,99
Jakub Stolarczyk;Leicester City;GK;1,3;18,94
Jakub Stolarczyk;Leicester City;GK;1,3;18,94
John Stones;Manchester City;DF,MF;14,0;2,43
John Stones;Manchester City;DF,MF;14,0;2,43
Jørgen Strand Larsen;Wolves;FW;;47,54
Jørgen Strand Larsen;Wolves;FW;;47,54
Yukinari Sugawara;Southampton;DF,MF;4,1;27,42
Yukinari Sugawara;Southampton;DF,MF;4,1;27,42
Kamaldeen Sulemana;Southampton;FW,MF;;19,85
Kamaldeen Sulemana;Southampton;FW,MF;;19,85
Crysencio Summerville;West Ham;FW,MF;26,0;17,53
Crysencio Summerville;West Ham;FW,MF;26,0;17,53
Sammie Szmodics;Ipswich Town;FW,MF;;8,2
Sammie Szmodics;Ipswich Town;FW,MF;;8,2
Dominik Szoboszlai;Liverpool;MF;80,2;73,2
Dominik Szoboszlai;Liverpool;MF;80,2;73,2
James Tarkowski;Everton;DF;;9,7
James Tarkowski;Everton;DF;;9,7
Marcus Tavernier;Bournemouth;FW,MF;21,3;27,86
Marcus Tavernier;Bournemouth;FW,MF;21,3;27,86
Charlie Taylor;Southampton;DF;1,2;0,92
Charlie Taylor;Southampton;DF;1,2;0,92
Jack Taylor;Ipswich Town;MF;1,6;11,17
Jack Taylor;Ipswich Town;MF;1,6;11,17
Mathys Tel;Tottenham;FW;51,4;46,41
Mathys Tel;Tottenham;FW;51,4;46,41
Kenny Tete;Fulham;DF;16,4;9,51
Kenny Tete;Fulham;DF;16,4;9,51
Thiago;Brentford;FW,MF;0,2;3,0
Thiago;Brentford;FW,MF;0,2;3,0
Luke Thomas;Leicester City;DF;0,3;17,59
Luke Thomas;Leicester City;DF;0,3;17,59
Youri Tielemans;Aston Villa;MF;40,9;43,09
Youri Tielemans;Aston Villa;MF;40,9;43,09
Kieran Tierney;Arsenal;DF,FW;5,0;2,52
Kieran Tierney;Arsenal;DF,FW;5,0;2,52
Jurriën Timber;Arsenal;DF;;27,84
Jurriën Timber;Arsenal;DF;;27,84
Jean-Clair Todibo;West Ham;DF;;18,19
Jean-Clair Todibo;West Ham;DF;;18,19
Harry Toffolo;Nott'ham Forest;DF;1,0;1,49
Harry Toffolo;Nott'ham Forest;DF;1,0;1,49
Sandro Tonali;Newcastle Utd;MF;65,6;38,62
Sandro Tonali;Newcastle Utd;MF;65,6;38,62
Pau Torres;Aston Villa;DF;0,0626;14,75
Pau Torres;Aston Villa;DF;0,0626;14,75
Conor Townsend;Ipswich Town;DF;0,3;1,04
Conor Townsend;Ipswich Town;DF;0,3;1,04
Adama Traoré;Fulham;FW,MF;0,1;14,21
Adama Traoré;Fulham;FW,MF;0,1;14,21
Mark Travers;Bournemouth;GK;5,3;9,22
Mark Travers;Bournemouth;GK;5,3;9,22
Kieran Trippier;Newcastle Utd;DF;2,3;2,78
Kieran Trippier;Newcastle Utd;DF;2,3;2,78
Leandro Trossard;Arsenal;FW;19,7;20,83
Leandro Trossard;Arsenal;FW;19,7;20,83
Kostas Tsimikas;Liverpool;DF;;8,11
Kostas Tsimikas;Liverpool;DF;;8,11
Axel Tuanzebe;Ipswich Town;DF;3,6;14,3
Axel Tuanzebe;Ipswich Town;DF;3,6;14,3
Destiny Udogie;Tottenham;DF;;27,88
Destiny Udogie;Tottenham;DF;;27,88
Manuel Ugarte;Manchester Utd;MF;;23,73
Manuel Ugarte;Manchester Utd;MF;;23,73
Lesley Ugochukwu;Southampton;MF;;30,09
Lesley Ugochukwu;Southampton;MF;;30,09
Enes Ünal;Bournemouth;FW,MF;12,0;5,59
Enes Ünal;Bournemouth;FW,MF;12,0;5,59
Hákon Valdimarsson;Brentford;GK;;5,56
Hákon Valdimarsson;Brentford;GK;;5,56
Virgil van Dijk;Liverpool;DF;10,7;8,16
Virgil van Dijk;Liverpool;DF;10,7;8,16
Jamie Vardy;Leicester City;FW;1,1;5,6
Jamie Vardy;Leicester City;FW;1,1;5,6
Renato Veiga;Chelsea;DF,MF;;4,3
Renato Veiga;Chelsea;DF,MF;;4,3
Joël Veltman;Brighton;DF;2,3;3,72
Joël Veltman;Brighton;DF;2,3;3,72
Micky van de Ven;Tottenham;DF;60,4;18,05
Micky van de Ven;Tottenham;DF;60,4;18,05
Bart Verbruggen;Brighton;GK;47,2;49,45
Bart Verbruggen;Brighton;GK;47,2;49,45
Jannik Vestergaard;Leicester City;DF;1,8;3,43
Jannik Vestergaard;Leicester City;DF;1,8;3,43
Guglielmo Vicario;Tottenham;GK;39,2;20,11
Guglielmo Vicario;Tottenham;GK;39,2;20,11
Kyle Walker;Manchester City;DF;4,1;2,02
Kyle Walker;Manchester City;DF;4,1;2,02
Kyle Walker-Peters;Southampton;DF;;25,84
Kyle Walker-Peters;Southampton;DF;;25,84
Christian Walton;Ipswich Town;GK;0,6;5,15
Christian Walton;Ipswich Town;GK;0,6;5,15
Aaron Wan-Bissaka;West Ham;DF;;37,74
Aaron Wan-Bissaka;West Ham;DF;;37,74
Danny Ward;Leicester City;GK;0,2;0,95
Danny Ward;Leicester City;GK;0,2;0,95
James Ward-Prowse;West Ham;MF;;10,29
James Ward-Prowse;West Ham;MF;;10,29
James Ward-Prowse;Nott'ham Forest;MF;;5,49
James Ward-Prowse;Nott'ham Forest;MF;;5,49
Ollie Watkins;Aston Villa;FW;64,7;31,52
Ollie Watkins;Aston Villa;FW;64,7;31,52
Adam Webster;Brighton;DF;6,4;4,47
Adam Webster;Brighton;DF;6,4;4,47
Danny Welbeck;Brighton;FW;4,2;5,98
Danny Welbeck;Brighton;FW;4,2;5,98
Welington;Southampton;DF;;8,85
Welington;Southampton;DF;;8,85
Timo Werner;Tottenham;FW,MF;3,6;8,68
Timo Werner;Tottenham;FW,MF;3,6;8,68
Adam Wharton;Crystal Palace;MF;62,1;35,79
Adam Wharton;Crystal Palace;MF;62,1;35,79
Ben White;Arsenal;DF;43,9;14,99
Ben White;Arsenal;DF;43,9;14,99
Mats Wieffer;Brighton;DF,MF;16,6;20,44
Mats Wieffer;Brighton;DF,MF;16,6;20,44
Neco Williams;Nott'ham Forest;DF;;31,36
Neco Williams;Nott'ham Forest;DF;;31,36
Willian;Fulham;FW,MF;0,9;0,2
Willian;Fulham;FW,MF;0,9;0,2
Joe Willock;Newcastle Utd;MF,FW;17,8;19,6
Joe Willock;Newcastle Utd;MF,FW;17,8;19,6
Callum Wilson;Newcastle Utd;FW;5,5;0,61
Callum Wilson;Newcastle Utd;FW;5,5;0,61
Harry Wilson;Fulham;FW,MF;14,6;17,59
Harry Wilson;Fulham;FW,MF;14,6;17,59
Harry Winks;Leicester City;MF;4,0;8,47
Harry Winks;Leicester City;MF;4,0;8,47
Yoane Wissa;Brentford;FW;28,8;47,96
Yoane Wissa;Brentford;FW;28,8;47,96
Chris Wood;Nott'ham Forest;FW;6,9;13,1
Chris Wood;Nott'ham Forest;FW;6,9;13,1
Nathan Wood-Gordon;Southampton;DF;;10,82
Nathan Wood-Gordon;Southampton;DF;;10,82
Luke Woolfenden;Ipswich Town;DF;1,8;12,65
Luke Woolfenden;Ipswich Town;DF;1,8;12,65
Yehor Yarmoliuk;Brentford;MF;;27,35
Yehor Yarmoliuk;Brentford;MF;;27,35
Ryan Yates;Nott'ham Forest;MF;14,4;21,81
Ryan Yates;Nott'ham Forest;MF;14,4;21,81
Leny Yoro;Manchester Utd;DF;65,5;27,09
Leny Yoro;Manchester Utd;DF;65,5;27,09
Ashley Young;Everton;DF;0,6;2,12
Ashley Young;Everton;DF;0,6;2,12
Illia Zabarnyi;Bournemouth;DF;47,7;39,29
Illia Zabarnyi;Bournemouth;DF;47,7;39,29
Oleksandr Zinchenko;Arsenal;DF,MF;;6,14
Oleksandr Zinchenko;Arsenal;DF,MF;;6,14
Joshua Zirkzee;Manchester Utd;FW,MF;36,1;25,5
Joshua Zirkzee;Manchester Utd;FW,MF;36,1;25,5
Martin Ødegaard;Arsenal;MF;76,9;37,09
Martin Ødegaard;Arsenal;MF;76,9;37,09
